sentence,label,label_name,dataset
正畸托槽掉了，吞咽下去了，有事吗？,1,business,train
二手iPad，主要给孩子上网课，推荐哪一代？,0,knowledge_qa,train
帮我记一下：待审核知识每周五批量处理,2,knowledge_mgmt,train
帮忙录入：大促期间发货延迟至72小时,2,knowledge_mgmt,train
充值的Q币怎么少了10个？,1,business,train
说是原装屏，结果拆机一看是国产屏，骗子？,3,escalate,train
添加规则：大促期间发货延迟至72小时,2,knowledge_mgmt,train
萨克斯漆面掉了，露铜了,1,business,train
狗粮适合泪痕重的狗狗吗？有没有诱食剂,0,knowledge_qa,train
婴儿推车能上飞机吗？折叠后尺寸多少,0,knowledge_qa,train
订单为什么一直显示运输中,1,business,train
这款电动牙刷防水吗,0,knowledge_qa,train
奶粉有没有老客回购券？上次买的快吃完了,0,knowledge_qa,train
推荐一款性价比高的空气炸锅,0,knowledge_qa,train
买的终身会员，才用了三个月就提示过期，骗钱的吧,3,escalate,train
宠物猫是布偶，想买个猫窝，要大一点的,0,knowledge_qa,train
猫窝有股刺鼻的味道，洗了还有，能退吗？,1,business,train
宠物驱虫后精神不好，正常吗？,1,business,train
猫粮买两袋能不能包邮？或者送个罐头,0,knowledge_qa,train
多肉死了,1,business,train
医美注射后淤青，多久能消？,1,business,train
添加知识：电子类产品质保一年,2,knowledge_mgmt,train
医美咨询说“无创”，结果有针眼，骗人！,3,escalate,train
游戏代练打输了掉段了，怎么赔？,1,business,train
脱口秀票能改场次吗？这周没空,1,business,train
你们这服务太差劲了,3,escalate,train
酸奶保质期还有多久？别发临期,0,knowledge_qa,train
快递员不打电话直接放驿站，我腿脚不便咋拿,1,business,train
存入知识库：线下门店也支持线上下单售后,2,knowledge_mgmt,train
车载香水漏液，把中控台腐蚀了,3,escalate,train
买的电子书怎么下载不了？,1,business,train
录入：促销活动规则需提前3天录入,2,knowledge_mgmt,train
防晒霜发票还没开，抬头改成公司,1,business,train
钻戒不好,1,business,train
游戏账号买的，登上去发现被找回了，钱能退吗？,1,business,train
生鲜现在下单，明天能到吗？冷链靠谱吗,1,business,train
你们家的东西质量真差,3,escalate,train
音乐节阵容临时换人，能全额退票吗？,3,escalate,train
车膜坏了,1,business,train
烘干机噪音大，像飞机起飞,1,business,train
说是“精装”，结果胶装都散了，这叫精装？,3,escalate,train
记一条：预售商品定金不退，尾款可退,2,knowledge_mgmt,train
添加规则：审核不通过的知识7天内可修改重提,2,knowledge_mgmt,train
种子发霉了,1,business,train
帮我添加：定制商品不支持退货退款,2,knowledge_mgmt,train
古筝断了,1,business,train
宠物住院费一天多少钱？包含检查费吗？,0,knowledge_qa,train
裤子开线了，才穿一次，能退吗？,1,business,train
床垫是独立袋装弹簧吗？伴侣翻身有影响吗,0,knowledge_qa,train
这个电饭煲支持预约做饭吗,0,knowledge_qa,train
显示“派送中”都一天了，是车坏了还是人跑了？,1,business,train
游戏手柄摇杆漂移了，往左推会自动往右走,1,business,train
粉底液含酒精吗？敏感肌能用吗,0,knowledge_qa,train
3号链接那个精华，干皮能用吗？我是大干皮还起皮,0,knowledge_qa,train
帮我把订单改成另一款,1,business,train
物流写“拒签”，但我没拒签啊，搞什么鬼？,1,business,train
换货需要自己寄回去吗,1,business,train
网课视频卡顿,1,business,train
展览票能改时间吗？下周有事去不了,1,business,train
多肉徒长了，长得歪歪扭扭,1,business,train
体检套餐能不能换医院？这家态度差,1,business,train
主播说的那个“拍一发五”，是发5个正装吗？,0,knowledge_qa,train
帮我记录一下：向量索引每周重建一次,2,knowledge_mgmt,train
徒步背包，30L左右，背负系统好，有推荐吗,0,knowledge_qa,train
车载香薰坏了,1,business,train
绿萝收到叶子全枯了，快递闷了三天,1,business,train
猫粮里有虫，恶心死了，赔钱！,3,escalate,train
这个音箱支持蓝牙5.3吗,0,knowledge_qa,train
空调安装师傅乱收费，加氟要了500块，坑人！,3,escalate,train
有没有适合中小企业的轻量级ERP推荐？,0,knowledge_qa,train
这个API接口支持并发多少QPS？,0,knowledge_qa,train
笛子音不准，吹出来跑调,1,business,train
干皮粉底液，不卡粉不斑驳，有推荐吗,0,knowledge_qa,train
想要个能挂50个号的云手机，别太贵,0,knowledge_qa,train
猫粮能不能把“鸡肉味”改成“鱼肉味”,1,business,train
会员不好,1,business,train
抱枕到哪了？说好的3天送达,1,business,train
书能不能备注“不要塑封”？我要送人,1,business,train
双十一会更便宜吗,0,knowledge_qa,train
辛苦啦,0,knowledge_qa,train
软件不好,1,business,train
电子琴键塌陷,1,business,train
物流显示“已签收”，但我没收到，快递放哪了？,1,business,train
录入：本店支持花呗分期、信用卡支付,2,knowledge_mgmt,train
睡袋凑单满减，那个链接失效了,0,knowledge_qa,train
医美注射后血管栓塞，急死了，怎么办？,1,business,train
项链扣子断了，戴了不到一周，怎么修？,1,business,train
精华液能不能改发顺丰？补差价我出,1,business,train
小户型沙发，坐深要浅，别占地方,0,knowledge_qa,train
智能马桶安装完，冲水无力，是不是水压问题？,1,business,train
宠物猫是美短，想买个猫爬架，稳一点的,0,knowledge_qa,train
为什么还没有揽收,1,business,train
跑鞋凑单满减，那个链接失效了,0,knowledge_qa,train
全屋定制安装完，柜门缝隙一大一小，能调吗？,1,business,train
记录：店铺客服电话400-618-8888，工作时间9:00-21:00,2,knowledge_mgmt,train
地毯现在下定金，尾款能打折吗,0,knowledge_qa,train
汽车脚垫尺寸不对，卡住油门踏板了，太危险了！,3,escalate,train
架子鼓不好,1,business,train
这款牛仔裤容易掉色吗,0,knowledge_qa,train
汽车坐垫滑来滑去，根本固定不住,1,business,train
卸妆油会员积分能抵扣吗？,0,knowledge_qa,train
这个帮我记住：组合套装不支持部分退货,2,knowledge_mgmt,train
订单还能取消吗,1,business,train
帮我记录一下：API调用频率限制为每分钟60次,2,knowledge_mgmt,train
为什么物流一直显示待揽收,1,business,train
豆浆机打出来的豆浆有糊味，是不是加热盘坏了？,1,business,train
手机壳防摔吗？经常手滑,0,knowledge_qa,train
想要个适合3岁小孩玩的益智玩具，不要有吞咽风险的,0,knowledge_qa,train
这个帮我记住：食品类开封后不支持退货,2,knowledge_mgmt,train
有没有适合大学生的平板,0,knowledge_qa,train
现在买有满减活动吗,0,knowledge_qa,train
定制家具现在下定金，尾款能打折吗,0,knowledge_qa,train
定制橱柜安装完，水槽漏水，师傅说管子没接好？,1,business,train
书印刷模糊，看着头晕，这是正版？,3,escalate,train
网课没有字幕，听不懂,1,business,train
宠物疫苗打错部位，有事吗？,3,escalate,train
拼图拼好了发现有一块是坏的，颜色不对,1,business,train
抱枕现在下定金，尾款能打折吗,0,knowledge_qa,train
人工客服在吗？机器人听不懂生鲜需求,0,knowledge_qa,train
谢谢客服小姐姐,0,knowledge_qa,train
精华液赠品不要了，能折现吗,1,business,train
帮我添加：签名确认即视为包裹完好,2,knowledge_mgmt,train
刚才那个红包怎么领不了？显示“活动太火爆”,0,knowledge_qa,train
耳机左耳声音小，是不是品控问题？,1,business,train
还没发货，能不能把“白色”改成“黑色”，急！,1,business,train
漫展票能退吗？行程有变去不了了,1,business,train
手机屏幕碎了，在保修范围内吗？说是人为的我不认,1,business,train
演唱会强实名，身份证丢了怎么进场？,0,knowledge_qa,train
盆栽不好,1,business,train
再不处理我就去12315和黑猫投诉了，别逼我,3,escalate,train
人工！人工！美妆急事！别发自动回复！,0,knowledge_qa,train
存一下规则：换货需在签收后15天内申请,2,knowledge_mgmt,train
订单不要了帮我取消,1,business,train
露营灯，续航长，能当充电宝，有推荐吗,0,knowledge_qa,train
收录：大促期间发货延迟至72小时,2,knowledge_mgmt,train
软件激活次数用完了,1,business,train
医美咨询说“永久”，结果半年就没了，骗人！,3,escalate,train
定制窗帘装完有缝隙，师傅说“墙不平”，怪我？,3,escalate,train
说是18K金，戴了两天掉色，假一赔三！,3,escalate,train
包裹已经发货了吗,1,business,train
隐形眼镜戴着眼红，还能继续戴吗？,1,business,train
上传规则：知识库数据支持CSV批量导入,2,knowledge_mgmt,train
有没有不粘指纹的手机壳，强迫症受不了,0,knowledge_qa,train
电饭煲内胆涂层掉了，还能用吗？,0,knowledge_qa,train
纸尿裤红屁屁了，是不是过敏？能退吗,1,business,train
电吉他拾音器没声音，是不是线接错了,1,business,train
车座套尺寸不对，套不上,1,business,train
近视眼镜镜片花了，能换吗？,1,business,train
用了不到一天就坏了,3,escalate,train
隐形眼镜戴着眼红血丝，还能继续戴吗？,1,business,train
月季收到全是红蜘蛛，,заражен了！,3,escalate,train
乐高积木少了一块关键件，拼到一半拼不下去，急死了,1,business,train
窗帘能不能改个颜色？还没下单,1,business,train
徒步鞋，防水透气，V底耐磨，有推荐吗,0,knowledge_qa,train
老客了，给个内部价呗，别让我找客服磨嘴皮子,0,knowledge_qa,train
送男朋友的，他不打游戏，就剪剪视频，推荐啥配置？,0,knowledge_qa,train
腮红是哑光还是珠光？黄皮显黑吗,0,knowledge_qa,train
卸妆油过敏，脸肿了，客服说是“排毒”，庸医！,3,escalate,train
花苗收到干了，一折就断,1,business,train
书还没发货，能不能把“精装”改成“平装”,1,business,train
维修备注“只换原装件”，别给我用副厂,1,business,train
车载香薰味道太淡了，闻不到,1,business,train
游戏账号是死绑还是活绑？能改手机号吗？,0,knowledge_qa,train
游戏账号密码忘了，怎么找回？,0,knowledge_qa,train
刹车片有异响，是安装问题还是片子问题？,1,business,train
是国行正品吗，能联保不，别拿水货忽悠我,0,knowledge_qa,train
199那个套餐，包含那个洗面奶吗？还是只有水乳？,0,knowledge_qa,train
海鲜能不能备注“多给点冰袋”,1,business,train
API接口突然挂了，工单提交3天了没人理？,3,escalate,train
猫粮物流显示“拒签”，但我没拒签啊,1,business,train
演唱会强实名，身份证丢了怎么进？,0,knowledge_qa,train
演唱会门票能开发票吗？公司团建,0,knowledge_qa,train
刚才那个券是不是没了？,0,knowledge_qa,train
退货运费险只赔10块，实际要15块，剩下5块谁出,1,business,train
睡袋温标多少？零下10度能扛吗,0,knowledge_qa,train
热水器加热太慢，洗个澡要等半小时,1,business,train
鞋子物流显示“拒签”，但我没拒签啊,1,business,train
盆栽收到有虫,1,business,train
API调用日志在哪查？显示调用成功但没收到数据,1,business,train
珍珠掉色了,1,business,train
有没有那种不卡粉的粉底液？我混油皮,0,knowledge_qa,train
想要个能连双设备的耳机，切来切去烦死了,0,knowledge_qa,train
裤子是纯棉的吗？会不会起球,0,knowledge_qa,train
车充坏了,1,business,train
送男朋友的，他不打游戏，就偶尔剪剪视频，推荐啥,0,knowledge_qa,train
钻戒坏了,1,business,train
那个新人首充优惠，老号能不能用？,0,knowledge_qa,train
空调安装完，内机漏水，墙都泡了，谁赔？,3,escalate,train
这锅涂层掉了还能用吗，有毒不,0,knowledge_qa,train
你好呀,0,knowledge_qa,train
推荐一款便宜又耐用的行李箱,0,knowledge_qa,train
设计图不满意,1,business,train
音乐节门票物流显示“已签收”，但我没收到！,1,business,train
把这条加入知识库：赠品不参与售后，请知悉,2,knowledge_mgmt,train
这本教材有配套习题册吗？单卖吗,0,knowledge_qa,train
企业发票开错，重开要等10个工作日，急用啊,1,business,train
帐篷买一送地钉吗？还是得单买,0,knowledge_qa,train
精华液漏液了，快递箱都是，怎么算,1,business,train
电风扇摇头有异响，咔咔响,1,business,train
维修进度到哪了？说好的3天修好，都5天了,1,business,train
铂金戒指不好,1,business,train
会员购买会更便宜吗,0,knowledge_qa,train
生鲜是现摘的吗？还是冷库货,0,knowledge_qa,train
跑鞋物流显示“异常”，怎么回事,1,business,train
两件一起买会便宜吗,0,knowledge_qa,train
鞋子尺码偏小，挤脚，能换大一码吗？,1,business,train
汽车贴膜有气泡，去店里说没法处理,3,escalate,train
录入：差评需先联系客服协商,2,knowledge_mgmt,train
买的在线课程可以下载离线看吗？,0,knowledge_qa,train
金戒指戴了一天就变形了，这纯度够吗？,3,escalate,train
这双运动鞋适合跑步穿吗,0,knowledge_qa,train
退货申请审核要多久,1,business,train
哈哈哈，你这机器人还挺懂穿搭,0,knowledge_qa,train
车载冰箱噪音太大，晚上吵得睡不着,1,business,train
蓝宝石坏了,1,business,train
充值的Q币怎么还没到账？,1,business,train
宠物药品会员积分能抵扣吗？我有2000积分,0,knowledge_qa,train
粉底液漏液了，快递箱都是，怎么算？,1,business,train
在吗？问个图书版本的事,0,knowledge_qa,train
有没有能进洗碗机的锅？手洗真的会谢,0,knowledge_qa,train
窗帘物流显示“拒签”，但我没拒签啊,1,business,train
订单里的尺码还能改吗,1,business,train
二手相机，主要拍视频，防抖要好,0,knowledge_qa,train
防晒霜能不能改发顺丰？补差价我出,1,business,train
扫地机器人坏了,1,business,train
玉镯尺寸不对，戴不进去,1,business,train
玉镯有棉絮，商家说是天然的不给退,1,business,train
这个商品能参加跨店满减吗,0,knowledge_qa,train
二手快递显示“已签收”，但我还没验货啊,1,business,train
帮我记一下：违规商户将被限制上传权限,2,knowledge_mgmt,train
人工客服在吗？机器人听不懂母婴需求,0,knowledge_qa,train
添加规则：售后审核24小时内完成,2,knowledge_mgmt,train
衣服标签写着不可干洗，我干洗了缩水，怪我？,3,escalate,train
能不能说人话？听不懂你的技术术语,0,knowledge_qa,train
演唱会内场票，视线有遮挡，能换座吗？,3,escalate,train
行车记录仪夜视全是雪花，根本看不清车牌,1,business,train
好的，收到了，谢啦，记得刻字,0,knowledge_qa,train
行吧，那我再等等，别让我等太久啊,0,knowledge_qa,train
地毯味道刺鼻，晾了半个月还有，甲醛超标？,3,escalate,train
客服机器人一直循环回复，转人工转了8次了，玩我呢？,3,escalate,train
卸妆油能不能改发顺丰？补差价我出,1,business,train
地毯能不能改送货时间？工作日家里没人,1,business,train
适合家用的扫地机器人推荐一下,0,knowledge_qa,train
婴儿推车有异响，客服说“正常现象”，这叫正常？,3,escalate,train
二手退货，运费险只赔8块，实际要18块，谁补？,1,business,train
电动牙刷刷头掉了，按不回去,1,business,train
钢琴琴键不回弹,1,business,train
生鲜能不能备注“放门口”，别敲门吵醒孩子,1,business,train
种子发芽率太低，一百颗就长了两颗,3,escalate,train
防潮垫漏气，睡一晚腰疼，怎么退,1,business,train
可以申请维修吗,1,business,train
能不能给点优惠啊,0,knowledge_qa,train
体育赛事门票能转卖吗？平台有二手区吗？,0,knowledge_qa,train
我的包裹什么时候派送,1,business,train
宠物疫苗后抽搐，正常吗？,1,business,train
老粉了，能不能给个专属链接？别让我去凑单了,0,knowledge_qa,train
小提琴琴码歪了，不敢自己调，能派人弄吗,1,business,train
宠物药品显示“派送中”，但快递员不接电话,1,business,train
定制橱柜的台面是石英石还是岩板？厚度多少,0,knowledge_qa,train
书物流显示“已签收”，但我没收到啊,1,business,train
记一条：新品上架需同步更新知识库,2,knowledge_mgmt,train
平板主要画画，压感好的推荐哪款？,0,knowledge_qa,train
人工！人工！家居急事！别发自动回复！,0,knowledge_qa,train
记下来：商户保证金在退店后30天退还,2,knowledge_mgmt,train
还能修改商品规格吗,1,business,train
把这条加入知识库：高危政策变更需双人复核,2,knowledge_mgmt,train
宠物寄养期间打架，受伤了，你们负责吗？,3,escalate,train
预算500以内买什么耳机,0,knowledge_qa,train
网课坏了,1,business,train
儿童床垫，要硬一点的，护脊椎,0,knowledge_qa,train
批量货少发了一箱，客服说“仓库没监控”，扯淡？,3,escalate,train
保修期刚过3天就坏了，真就这么寸？,1,business,train
能不能备注“不要放驿站”，放门口丢件我不负责,1,business,train
设计图坏了,1,business,train
维修把手机其他功能弄坏了，摄像头不聚焦了,3,escalate,train
我的快递卡住了怎么办,1,business,train
服务器带宽是独享还是共享的？,0,knowledge_qa,train
睡袋拉链卡住了，拉不上，急用啊,1,business,train
窗帘尺寸做错了，挂不上，怎么办,1,business,train
电吉他坏了,1,business,train
家用轿车，一年跑1万公里，什么轮胎静音？,0,knowledge_qa,train
轮胎发货了吗？急等着换，明天要跑高速,1,business,train
两件衣服一起买，第二件半价吗？,0,knowledge_qa,train
净水器出水有异味，过滤个啥,1,business,train
行车记录仪画面模糊，像蒙了一层雾,1,business,train
这手机打王者发热严重不，别跟我说正常现象,0,knowledge_qa,train
洗碗机门打不开了，卡死了,1,business,train
猫粮换粮后软便，客服说是正常适应期？,1,business,train
买的网课视频没有声音，只有画面,1,business,train
宠物寄养期间生病了，你们负责吗？,3,escalate,train
绿植收到有黄叶,1,business,train
宠物狗是金毛，想买个飞盘，耐咬一点的,0,knowledge_qa,train
这个帮我记住：售后满意度评价纳入商户考核,2,knowledge_mgmt,train
地毯到哪了？说好的7天送达,1,business,train
现在有没有限时优惠,0,knowledge_qa,train
登山杖发货了吗？明天要爬山，急！,1,business,train
鲜花收到蔫了，泡水里能活吗,1,business,train
订阅制续费有没有老客折扣？,0,knowledge_qa,train
添加知识：价格如有变动以订单页为准,2,knowledge_mgmt,train
今天有没有秒杀优惠,0,knowledge_qa,train
猫粮受潮了，还能吃吗？,0,knowledge_qa,train
这个保温杯可以装咖啡吗,0,knowledge_qa,train
显示“异常”，客服说是天气原因，但天气预报是晴天啊,1,business,train
刚才那个59的券怎么没了？是不是被黄牛抢光了？,0,knowledge_qa,train
医美项目做完过敏，脸肿了，怎么治？,1,business,train
沙发是真皮还是科技布？猫抓会破吗,0,knowledge_qa,train
人工！人工！定制家具急事！别发自动回复！,0,knowledge_qa,train
烤箱温度不准，烤糊了,1,business,train
改裤脚收费吗？还是免费？,0,knowledge_qa,train
行吧，那我再等等，别让孩子饿着啊,0,knowledge_qa,train
话剧票能退吗？临时有事,1,business,train
猫粮物流显示“异常”，是不是丢件了,1,business,train
漫展票能退吗？Cosplay服装没到，去不了了,1,business,train
露营新手，想要个一拉就开的帐篷，别太复杂,0,knowledge_qa,train
推荐一款适合送男朋友的礼物,0,knowledge_qa,train
显示“派送中”都一天了，是车坏了还是人跑了,1,business,train
这款显示器支持HDR吗,0,knowledge_qa,train
改裤脚的快递单号发我一下,1,business,train
记一条：内衣类商品不支持试穿后退货,2,knowledge_mgmt,train
记下来：店铺客服电话400-618-8888,2,knowledge_mgmt,train
有什么适合宝宝用的湿巾,0,knowledge_qa,train
学生认证通过了，但下单没减20，系统bug？,0,knowledge_qa,train
扫地机器人扫不干净，总是留一圈灰,1,business,train
预算2000，要拍照好看还要续航顶，别推电子垃圾,0,knowledge_qa,train
鞋子凑单满减，那个链接失效了,0,knowledge_qa,train
遮瑕膏赠品不要了，能换个小样吗,1,business,train
珍珠不好,1,business,train
企业采购能不能走对公转账？,0,knowledge_qa,train
定制刻字的钢笔，墨水漏了一盒子，字也刻歪了,3,escalate,train
生鲜跨店满减能和店铺券叠加吗？算不明白,0,knowledge_qa,train
商品有质量问题怎么办,1,business,train
你真棒,0,knowledge_qa,train
上传规则：退货地址以短信通知为准,2,knowledge_mgmt,train
送50岁阿姨的，别太老气，但也别太幼稚，难选,0,knowledge_qa,train
哈哈哈，你这机器人还挺懂行,0,knowledge_qa,train
录入：知识库数据支持CSV批量导入,2,knowledge_mgmt,train
近视手术术后复查，在你们这做还是回原医院？,0,knowledge_qa,train
二手卖家承诺“99新”，收到全是划痕，这叫欺诈？,3,escalate,train
窗帘安装完，轨道拉动有异响，师傅什么时候来修？,1,business,train
定制家具推荐个适合小户型的，收纳要多,0,knowledge_qa,train
设计图拖延交付，耽误我开业,3,escalate,train
粉底液物流三天没更新，是不是丢件了,1,business,train
金戒指尺寸不对,1,business,train
鉴定证书寄出了吗？单号查不到,1,business,train
帐篷发货了吗？周末要去露营，急！,1,business,train
猫粮里有异物，吃出个塑料片，吓死我了,3,escalate,train
定制水杯漏水了，盖子拧不紧,1,business,train
热水器不好,1,business,train
小提琴坏了,1,business,train
快递预计什么时候能到,1,business,train
把这条加入知识库：所有护肤品建议先做过敏测试,2,knowledge_mgmt,train
电水壶漏水了，底座全是水,1,business,train
展览票能开发票吗？公司报销,0,knowledge_qa,train
帮我存一条知识：防伪码查询在官网验证页面,2,knowledge_mgmt,train
添加规则：商品参数以详情页为准,2,knowledge_mgmt,train
书还没付款，能不能改个优惠券,1,business,train
宠物药品买错了型号，还没发货能改吗,1,business,train
想要个适合打游戏的手机，散热要好，别推拍照的,0,knowledge_qa,train
月季收到叶子全掉光了,1,business,train
辛苦了，大晚上的还在处理企业工单,0,knowledge_qa,train
空调不制热,1,business,train
拜拜下次再来,0,knowledge_qa,train
这款洗衣机支持高温除菌吗,0,knowledge_qa,train
沙发能不能改个颜色？还没下单,1,business,train
取消订单后还能恢复吗,1,business,train
吉他品丝突出，刮手,1,business,train
帮我记：所有赠品不参与售后，请知悉,2,knowledge_mgmt,train
小说缺章，印刷漏页，怎么换,1,business,train
收到的鞋盒被压成饼了，送人的，现在让我怎么送？,3,escalate,train
裤子洗了一次缩水5厘米，这能穿？,1,business,train
腮红碎了，快递暴力，怎么赔,1,business,train
体育赛事门票能退吗？行程有变,1,business,train
话剧票能转赠给朋友吗？实名制怎么弄？,0,knowledge_qa,train
体育赛事门票能退吗？生病去不了,1,business,train
这都第5天了，还在“运输中”，是去西天取经吗,1,business,train
炉头打不着火，气罐是满的，怎么回事,1,business,train
手机壳和膜一起买有套餐价吗？,0,knowledge_qa,train
推荐一款降噪效果好的耳机,0,knowledge_qa,train
定制家具尺寸做错了，安装不上怎么办,1,business,train
赠品漏发了，补发能不能和主商品一起寄,1,business,train
宠物疫苗打完后嗜睡一天，是不是疫苗有问题？,3,escalate,train
衣服扣子掉了，才穿一次，质量堪忧,3,escalate,train
换货一般需要几天,1,business,train
录入知识：本店会员享9折优惠，积分可抵扣,2,knowledge_mgmt,train
会员积分过期了能不能延期啊，就差一点,0,knowledge_qa,train
好的收到啦,0,knowledge_qa,train
这个可以使用平台红包吗,0,knowledge_qa,train
窗帘安装完，轨道有异响，师傅什么时候来修？,1,business,train
考研真题是2025版还是2026版？别发旧书,0,knowledge_qa,train
微波炉加热有火花，吓死我了,3,escalate,train
退货运费险只赔10块，实际要15块，剩下5块谁出？,1,business,train
全屋定制安装完，尺寸错了，重做要多久？,3,escalate,train
晚安，别再给我发催付提醒了,0,knowledge_qa,train
哈哈哈，你这机器人还挺懂护肤,0,knowledge_qa,train
沙发物流显示“拒签”，但我没拒签啊,1,business,train
那个跨店满减能和店铺券叠加吗，算不明白,0,knowledge_qa,train
车载冰箱不好,1,business,train
收到的商品有划痕怎么办,1,business,train
推荐一个适合办公的椅子,0,knowledge_qa,train
帮我存一条知识：违规商户将被限制上传权限,2,knowledge_mgmt,train
电吉他琴颈弯了,1,business,train
珍珠有瑕疵，表面有坑,1,business,train
宠物疫苗本丢了，能补吗？,0,knowledge_qa,train
演唱会门票能代拍吗？自己抢不到,0,knowledge_qa,train
防潮垫地址填错了，还没揽收，赶紧改,1,business,train
二手卖家说“已发货”，但物流单号查不到,1,business,train
猫粮里有塑料，吃出问题了，赔钱！,3,escalate,train
小说是未删减版吗？有没有敏感词,0,knowledge_qa,train
帮我存一条：生鲜类不支持7天无理由退货,2,knowledge_mgmt,train
好的，收到了，谢啦，发票记得开,0,knowledge_qa,train
这牛排是原切还是合成的？配料表有卡拉胶吗,0,knowledge_qa,train
漫画能不能备注“不要腰封”？送人,1,business,train
最近有什么优惠活动,0,knowledge_qa,train
电子琴按键塌陷了，按下去弹不起来,1,business,train
快递为什么一直停在转运中心,1,business,train
换货发回来的还是坏的，这次能不能检查好再发,1,business,train
全屋定制安装完，颜色发错，重做要多久？,3,escalate,train
金饰克重少了0.5克，这误差也太大了,3,escalate,train
说是真钻，结果鉴定是莫桑石，退一赔三！,3,escalate,train
鲜花说好的99朵，数了只有88朵,3,escalate,train
想要本适合零基础入门的Python书，别推太深的,0,knowledge_qa,train
二手交易，能不能把“顺丰”改成“京东”？,1,business,train
婴儿湿巾太干了，擦屁股都擦不干净，水分不够,1,business,train
油皮粉底液，持妆久，不暗沉，有推荐吗,0,knowledge_qa,train
医美项目做完没效果，退款！,3,escalate,train
保养完发动机亮故障灯，你们怎么搞的？,3,escalate,train
婴儿奶粉打开里面有结块，是不是受潮了？还能喝吗？,1,business,train
人工客服在吗？机器人听不懂企业需求,0,knowledge_qa,train
铂金项链太细了，一扯就断,1,business,train
遮瑕膏氧化发灰，像唱戏的，虚假宣传！,3,escalate,train
想买个办公显示器有什么推荐,0,knowledge_qa,train
车衣贴完边缘翘起来了，才贴了一个月,1,business,train
你们这质量是认真的吗？线头比线还长，当我是瞎子？,3,escalate,train
主播说买一送三，送的是正装还是小样啊？别忽悠人,0,knowledge_qa,train
辛苦了，大晚上的还在处理户外工单,0,knowledge_qa,train
买的电子书怎么翻页没反应？,1,business,train
金饰工费太高了，能不能免？,0,knowledge_qa,train
3号链接刚才抢的没付款，会不会被踢库存？,1,business,train
会员权益少了，说好的送视频会员呢,3,escalate,train
上传规则：客户信息安全等级为保密,2,knowledge_mgmt,train
置物架保价多久？明天降价退差价吗,0,knowledge_qa,train
定制窗帘想要个ins风的，别太老气,0,knowledge_qa,train
二胡弓毛断了，没法拉,1,business,train
能不能说人话？听不懂你的专业术语,0,knowledge_qa,train
帮忙录入：材质标注必须与实际成分一致,2,knowledge_mgmt,train
辛苦了，大晚上的还在处理美妆工单,0,knowledge_qa,train
婴儿推车推出去轮子卡死，差点把孩子摔了，这质量谁敢用！,3,escalate,train
记录：食品类开封后不支持退货,2,knowledge_mgmt,train
精华液用了烂脸，客服说是“排毒反应”，庸医！,3,escalate,train
买的网课能退款吗？还没开始看,1,business,train
还没付款，能不能改个企业优惠券？,1,business,train
床垫现在下定金，尾款能打折吗,0,knowledge_qa,train
水果收到有虫眼，虽然不多但膈应，能赔吗,1,business,train
拼图少了一块，怎么补？,1,business,train
热水器漏水了，把地板都泡了，怎么赔！,3,escalate,train
能不能说人话？听不懂你的汽车术语,0,knowledge_qa,train
辛苦了，大晚上的还在上班,0,knowledge_qa,train
榨汁机刀片钝了，榨不动水果,1,business,train
哈哈哈，你这机器人还挺逗,0,knowledge_qa,train
推荐一款适合打游戏的手机,0,knowledge_qa,train
二手手机屏幕有没有划痕？电池健康度多少？,0,knowledge_qa,train
萨克斯按键掉了,1,business,train
生鲜物流显示“已签收”，但我没收到，快递偷吃了？,3,escalate,train
话剧票能改时间吗？临时加班,1,business,train
上传规则：差评需先联系客服协商,2,knowledge_mgmt,train
可以申请价格保护吗,0,knowledge_qa,train
游戏账号买回来就被找回了，这叫“安全交易”？,3,escalate,train
车载冰箱门关不严,1,business,train
给老人买什么手机比较合适,0,knowledge_qa,train
冰箱送到发现侧面有个大坑，外包装完好，这算谁的责任？,1,business,train
虚拟商品激活码无效，怎么换？,1,business,train
翡翠颜色暗，不好看,1,business,train
手机寄回修好了吗？大概哪天能到？,1,business,train
婴儿纸尿裤红屁屁了，是不是材质有问题？,3,escalate,train
好的，收到了，谢啦,0,knowledge_qa,train
帐篷支架断了，刚用一次，怎么赔,1,business,train
粉底液氧化太快，出门两小时变黄脸婆，虚假宣传！,3,escalate,train
存储规则：线下门店也支持线上下单售后,2,knowledge_mgmt,train
净水器坏了,1,business,train
批量采购的赠品，能不能换成别的？,1,business,train
猫传腹打针位置有硬块，正常吗？,0,knowledge_qa,train
晚安，别再给我发消息了,0,knowledge_qa,train
录入知识：退款金额不含优惠券部分,2,knowledge_mgmt,train
物流显示“已揽收”但24小时没动静，是不是丢件了？,1,business,train
哈喽,0,knowledge_qa,train
猫砂刚拆封猫闻了一下就跑，说是豆腐砂，一股香精味，能退吗？,1,business,train
运费险怎么理赔？在哪点？,1,business,train
帮我添加：客户信息安全等级为保密,2,knowledge_mgmt,train
日常戴的银手镯，别太细的，容易断,0,knowledge_qa,train
床垫到哪了？说好的15天送达,1,business,train
登山杖是碳纤维还是铝合金？重不重,0,knowledge_qa,train
兰花叶子有黑斑,1,business,train
小提琴琴弓弯了，没法用,1,business,train
生鲜少发了一盒，怎么补发？,1,business,train
破壁机杯体裂了，刚用两次就裂了,1,business,train
定制橱柜安装完，台面接缝明显，重做要多久？,1,business,train
小提琴琴弦断了,1,business,train
水晶手链珠子大小不一，做工太差,3,escalate,train
记下来：商户退出时知识库数据保留30天,2,knowledge_mgmt,train
有没有店铺红包可以领取,0,knowledge_qa,train
瑜伽垫是NBR还是TPE？跪着膝盖疼不疼,0,knowledge_qa,train
上传规则：自动回复模板每月更新一次,2,knowledge_mgmt,train
考研数学，哪个老师讲得细？,0,knowledge_qa,train
轮胎买四条送四轮定位吗？,0,knowledge_qa,train
全屋定制安装完，板材有异味，甲醛超标？,3,escalate,train
帮忙录入：维修期间提供备用机服务,2,knowledge_mgmt,train
银饰断了,1,business,train
生鲜能不能备注“放门口”？别敲门,1,business,train
算了，我自己去查物流吧，问你也说不清楚,0,knowledge_qa,train
行吧，那我再等等，别耽误产线啊,0,knowledge_qa,train
宠物狗是泰迪，想买个衣服，冬天穿的,0,knowledge_qa,train
漫展票能退吗？疫情原因,1,business,train
花苗收到枯萎了,1,business,train
鞋子到哪了？说好的48小时送达,1,business,train
承诺48小时发货，现在72小时了还在“待揽收”，虚假宣传？,3,escalate,train
尤克里里品丝刮手，打磨都不打磨吗,1,business,train
近视手术术后第二天复查，需要空腹吗？,0,knowledge_qa,train
保存：大促期间发货延迟至72小时,2,knowledge_mgmt,train
客厅地毯，耐脏，好打理，有推荐吗,0,knowledge_qa,train
帮忙录入：换货需在签收后15天内申请,2,knowledge_mgmt,train
种子种下去不发芽，是不是过期了,1,business,train
你们这质量，狗都不买,3,escalate,train
人工！人工！金饰急事！别发自动回复！,0,knowledge_qa,train
眼霜含A醇吗？我敏感肌怕不耐受,0,knowledge_qa,train
人工！人工！服饰急事！别发自动回复！,0,knowledge_qa,train
车垫有异味，晾了一周还有,1,business,train
这款床垫偏软还是偏硬,0,knowledge_qa,train
置物架物流显示“拒签”，但我没拒签啊,1,business,train
洗碗机洗不干净，有残留,1,business,train
能不能备注“务必本人签收”？别又给我放门口,1,business,train
安全座椅有3C认证吗？支持ISOFIX接口吗,0,knowledge_qa,train
存一下：手机激活后不支持无理由退货,2,knowledge_mgmt,train
漫画缺页，印刷错误，这是正版？,3,escalate,train
漫展票能改日期吗？Cosplay服装没到,1,business,train
行吧，那我再等等，别耽误我做饭啊,0,knowledge_qa,train
定制衣柜的板材是E0级还是ENF级？有检测报告吗,0,knowledge_qa,train
在吗,0,knowledge_qa,train
耳机连接不稳定，断断续续，怎么修？,1,business,train
保价多久啊，明天降价了退不退差价,0,knowledge_qa,train
批量货走专线，现在到哪了？,1,business,train
能不能让快递晚上8点后再送？白天家里没人,1,business,train
批量采购的赠品漏发，补发能不能和主货一起走？,1,business,train
鉴定说是假包，平台还不认，黑店？,3,escalate,train
祝你今天开心,0,knowledge_qa,train
腮红色号选错了，还没发货能改吗,1,business,train
刚买完就降价50，客服说“活动不同”，当我傻？,3,escalate,train
鲜花收到有异味,1,business,train
说是“台版”，结果全是简体字，盗版？,3,escalate,train
退款怎么还没到账？都过24小时了,1,business,train
全屋定制安装完，尺寸错了，塞不进去，怎么办？,3,escalate,train
保存：工单关闭后7天内可申请复议,2,knowledge_mgmt,train
遮瑕膏老客回购有券吗？,0,knowledge_qa,train
现在买猫粮有买一送一吗？,0,knowledge_qa,train
热水器安装费收了300，明细发我看看,0,knowledge_qa,train
批量拿货，运费能不能免了？,0,knowledge_qa,train
近视手术术后干眼，多久能好？,1,business,train
想要双适合跑步的鞋，不磨脚，有推荐吗,0,knowledge_qa,train
微胖男生，肚子大，遮肚子的T恤有吗？,0,knowledge_qa,train
车载冰箱不制冷了，放车里当摆设吗,1,business,train
买的电子书会员，怎么在iPad上登录不了？,0,knowledge_qa,train
古筝音不准，调了也调不准,1,business,train
婴儿推车物流三天没更新，是不是卡中转了,1,business,train
旧包回收能抵多少钱？,0,knowledge_qa,train
这个价格后面还会降吗,0,knowledge_qa,train
帮我记录一下：配送范围以快递公司覆盖区域为准,2,knowledge_mgmt,train
洗衣机漏水了,1,business,train
退款为什么还没到账,1,business,train
代练用的外挂，号被永封了，赔钱！,3,escalate,train
猫粮吃了拉稀，客服说是“换粮正常反应”，骗鬼呢,3,escalate,train
车载吸尘器不好,1,business,train
好的，收到了，谢啦，记得放冰袋,0,knowledge_qa,train
刚才说的那个成分，是玻色因还是胜肽？我没听清,0,knowledge_qa,train
能不能拆单发货，急用的先发，不急的慢慢来,1,business,train
置物架少发了螺丝，装不上，急用,1,business,train
轮胎装反了，花纹方向不对，你们专业吗？,3,escalate,train
辛苦了，大晚上的还在处理生鲜工单,0,knowledge_qa,train
宿舍限电500W，有没有能用的吹风机,0,knowledge_qa,train
退货说包装破损，我寄回去什么样就是什么样！,3,escalate,train
架子鼓坏了,1,business,train
儿童手表能插卡打电话吗？支持移动的还是联通的？,0,knowledge_qa,train
退货地址填错了，快递退回来了，这运费算谁的？,1,business,train
那个...就是那个戴森平替，有没有风力大点但声音小的，别太贵,0,knowledge_qa,train
定制T恤尺码选错了，还没发货能改吗？,1,business,train
这个包自重多少？我肩膀不好，超过800克不要,0,knowledge_qa,train
展览票能改时间吗？下周临时有事去不了,1,business,train
奶粉是国行版还是跨境版？需要身份证清关吗,0,knowledge_qa,train
添加规则：满199包邮，偏远地区加收5元,2,knowledge_mgmt,train
二手卖家拉黑我了，平台也不管，当我是韭菜？,3,escalate,train
洗碗机洗不干净，碗上全是油渍，退货！,1,business,train
全屋定制安装完，五金件生锈，换还是赔？,1,business,train
全屋定制安装完，封边开裂，重做要多久？,1,business,train
添加规则：政策变更需经过商户确认后生效,2,knowledge_mgmt,train
你们这发货速度，是坐牛车来的吗？,3,escalate,train
脱口秀门票没收到电子码，马上开场了急死了！,1,business,train
在吗？问个数码产品的事,0,knowledge_qa,train
会员买金饰有折扣吗？,0,knowledge_qa,train
置物架是碳钢还是不锈钢？生锈吗,0,knowledge_qa,train
老客回购轮胎，有专属价吗？,0,knowledge_qa,train
网课视频画质太糊了，根本看不清板书,1,business,train
可以把颜色改成黑色吗,1,business,train
车垫坏了,1,business,train
脱口秀票能退吗？演员没来,3,escalate,train
奶粉有没有那种好冲泡的，不结块的,0,knowledge_qa,train
行吧，那我再等等，别耽误我露营啊,0,knowledge_qa,train
这个帮我记住：会员享9折优惠，积分可抵扣现金,2,knowledge_mgmt,train
批量采购1000台，能给到几折？,0,knowledge_qa,train
退货说我有洗涤痕迹，我根本没洗过！,3,escalate,train
烘干机烘不干，衣服拿出来还是潮的,1,business,train
轮胎买四条送安装吗？,0,knowledge_qa,train
粉底液适合干皮吗？不卡粉,0,knowledge_qa,train
虚拟商品发货后，能不能改个接收邮箱？,1,business,train
虚拟商品说“秒发”，结果等了3小时，虚假宣传？,3,escalate,train
电子琴音色不对，跟说明书不一样,1,business,train
粉底液防晒指数多少？需要额外涂防晒吗,0,knowledge_qa,train
保质期到25年几月啊？别给我发24年的临期品,0,knowledge_qa,train
近视手术术前检查，散瞳后多久能恢复？,0,knowledge_qa,train
现在买书有跨店满减吗？怎么凑,0,knowledge_qa,train
在的，请说，别发链接，我不点,0,knowledge_qa,train
帮我记一下：本店支持7天无理由退换货,2,knowledge_mgmt,train
宠物住院费一天多少钱？包含检查吗？,0,knowledge_qa,train
上传规则：缺货商品需在页面标注预售时间,2,knowledge_mgmt,train
还没付款，能不能改个优惠券，刚才选错了,1,business,train
生鲜还没发货，能不能把“5斤装”改成“10斤装”,1,business,train
有没有适合学生党的笔记本,0,knowledge_qa,train
定制的手机壳，名字拼错了，把‘张三’印成了‘张二’，重做！,1,business,train
电动牙刷充不进电，指示灯一直闪红灯,1,business,train
音乐节阵容临时换人，能退票吗？,3,escalate,train
赠品不要了，能不能折现？,1,business,train
婴儿纸尿裤漏尿了，半夜床单全湿了,1,business,train
软件激活码用不了，提示已被使用,1,business,train
有没有那种不勒肚子的内裤？,0,knowledge_qa,train
推荐一款适合办公室午睡的靠枕,0,knowledge_qa,train
海鲜收到化冻了，还能吃吗？赔不赔,1,business,train
保养用的机油是假的？闻着味道不对,3,escalate,train
软件更新后功能没了,3,escalate,train
能不能把两个颜色各发一件？我想对比下,1,business,train
地址填成旧的了，还没揽收，赶紧改！不然拒收！,1,business,train
日常通勤戴的珍珠项链，别太夸张的,0,knowledge_qa,train
推荐一款续航长的智能手表,0,knowledge_qa,train
行车记录仪内存卡插进去不识别，格式化也不行,1,business,train
保存一下：本店所有商品支持30天价保,2,knowledge_mgmt,train
手机壳买两个有优惠吗？,0,knowledge_qa,train
定制窗帘的遮光率能达到90%以上吗,0,knowledge_qa,train
精华液会员积分能抵扣吗？我有3000积分,0,knowledge_qa,train
猫砂推荐个除臭好的，家里味道大,0,knowledge_qa,train
书里缺页，印刷错误，怎么退,1,business,train
车载空气净化器没效果，PM2.5还是高,1,business,train
添加知识：敏感词库含500+违禁词自动拦截,2,knowledge_mgmt,train
保养时间改到周六下午，工作日没空,1,business,train
存储规则：电子发票和纸质发票具有同等效力,2,knowledge_mgmt,train
空调安装完，外机支架生锈，安全隐患！,3,escalate,train
想要个适合送女朋友的礼物，预算200，有创意点的,0,knowledge_qa,train
退货退款选“描述不符”，会不会影响卖家信誉？,1,business,train
这件衬衫透气性怎么样,0,knowledge_qa,train
软件卸载不干净，注册表还有残留,1,business,train
生鲜两个订单能合并发吗？不想付两次运费,1,business,train
绿萝死了,1,business,train
企业采购的货，能不能指定物流商？,1,business,train
年框协议签了，但这次下单没走协议价,0,knowledge_qa,train
收到货可以七天无理由退吗,1,business,train
奶粉手机号填错了，快递联系不上我,1,business,train
再也不会来你们店买了,3,escalate,train
定制衣柜门板颜色发错了，重做要多久,1,business,train
热水器坏了,1,business,train
预算三千买什么电脑,0,knowledge_qa,train
笔记本主要剪4K视频，内存32G够吗？,0,knowledge_qa,train
想要本适合通勤看的短篇，别太长,0,knowledge_qa,train
鲜花不好,1,business,train
烤箱内胆生锈了,1,business,train
车衣有划痕，贴了个寂寞,1,business,train
猫绝育后呕吐，是不是麻醉反应？,1,business,train
跑鞋尺码选错了，还没发货能改吗,1,business,train
订单显示已发货怎么查不到物流,1,business,train
物流显示“退回”，但我没申请退货啊？,1,business,train
有没有适合婴儿使用的奶瓶,0,knowledge_qa,train
尺码不合适，但吊牌剪了，还能换吗,1,business,train
宠物狗是小型犬，想买个牵引绳，不勒脖子的,0,knowledge_qa,train
车载吸尘器吸力太小，吸不干净,1,business,train
设计图改了十次还不满意，能退定金吗,1,business,train
沙发皮面裂了，客服说是正常老化，骗鬼呢,1,business,train
猫粮想要个低敏的，玻璃胃猫咪，别推高蛋白的,0,knowledge_qa,train
手机修了三次还没修好，这什么技术？,3,escalate,train
书脊断了，不影响看，能赔点钱吗,1,business,train
凑单那个链接失效了，还有别的能凑吗,0,knowledge_qa,train
腮红老客回购有券吗？,0,knowledge_qa,train
猫粮里有异物，吃出问题了，赔钱！,3,escalate,train
云盘限速太严重，下载个文件要一天,3,escalate,train
萨克斯按键漏气，吹不响,1,business,train
轮胎生产日期是23年第几周的？别发库存胎,0,knowledge_qa,train
手机屏幕碎了，说是人为的不保修，我不认！,3,escalate,train
二胡不好,1,business,train
钢琴坏了,1,business,train
帮我记：所有鞋子建议买大半码,2,knowledge_mgmt,train
那个跨店满减是每满300减50吗？还是减30？,0,knowledge_qa,train
定制窗帘的布料能不能换成遮光更好的,1,business,train
医美项目做完，恢复期多久？,0,knowledge_qa,train
有没有那种不勒腿的袜子，我腿粗,0,knowledge_qa,train
正畸托槽掉了，不小心吞咽下去了，有事吗？,1,business,train
小个子男生，170以下，别买那种长款风衣,0,knowledge_qa,train
买的视频会员能在电视上用吗？,0,knowledge_qa,train
轮胎规格选错了，能改成225/50,R17吗？,1,business,train
帐篷地址填错了，还没揽收，赶紧改,1,business,train
金饰工费能不能打折？太贵了,0,knowledge_qa,train
现在买书有满减吗？凑单怎么弄,0,knowledge_qa,train
收录：商户保证金在退店后30天退还,2,knowledge_mgmt,train
钻戒戒托变形了,1,business,train
绿萝不好,1,business,train
炉头打不着火，是不是气罐问题？,1,business,train
书能不能备注“放驿站”？别送上门,1,business,train
铂金戒指尺寸不对，改不了,1,business,train
粉底液能不能改发顺丰？补差价我出,1,business,train
存一下：知识库数据支持CSV批量导入,2,knowledge_mgmt,train
存一下：发票需在收货后30天内申请,2,knowledge_mgmt,train
现在买猫砂有第二件半价吗？,0,knowledge_qa,train
存一下：知识条目过期后自动下架,2,knowledge_mgmt,train
录入：知识条目过期后自动下架,2,knowledge_mgmt,train
收录：手机激活后不支持无理由退货,2,knowledge_mgmt,train
炉头凑单满减，那个链接失效了,0,knowledge_qa,train
多肉不好,1,business,train
全屋定制安装完，柜门缝隙太大，能调吗？,1,business,train
换的轮胎没做动平衡，高速方向盘抖，你们负责吗？,3,escalate,train
车载香薰夹子断了,1,business,train
微胖女生，梨形身材，遮胯显瘦的裤子有吗？,0,knowledge_qa,train
车载香水味道太淡，闻不到,1,business,train
可以只退其中一件商品吗,1,business,train
适合跑步穿的鞋子推荐一下,0,knowledge_qa,train
净水器安装完，废水比不对，师傅说正常？,3,escalate,train
金链子断了，焊接处有焊点，不美观,1,business,train
买的电子书能转成PDF吗？,0,knowledge_qa,train
送女朋友，预算5000，项链还是手链好？,0,knowledge_qa,train
钢琴烤漆有划痕，新琴就这样？,3,escalate,train
车充不好,1,business,train
代练坏了,1,business,train
发票开错了，重开要等7个工作日，财务要杀了我,1,business,train
等了这么久还没发货,3,escalate,train
狗绝育后伤口渗液，需要马上送医院吗？,1,business,train
洁面，温和不紧绷，有推荐吗,0,knowledge_qa,train
鲜花说好的情人节当天到，结果第二天才送，晚了！,3,escalate,train
沙发保价多久？明天降价退差价吗,0,knowledge_qa,train
抱枕能不能改送货时间？周末家里没人,1,business,train
在吗？问个事,0,knowledge_qa,train
金饰刻字服务，刻完什么时候能发货？,1,business,train
空调安装完，内机异响，风轮坏了？,1,business,train
面料扎人吗，我皮肤敏感，一碰就红,0,knowledge_qa,train
粉底液色号选错了，还没发货能改吗,1,business,train
尺码不合适，但吊牌剪了，还能换吗？,1,business,train
医美项目做完，效果维持多久？,0,knowledge_qa,train
祝你工作顺利,0,knowledge_qa,train
在吗在吗？书急事！,0,knowledge_qa,train
会员到期没提醒，自动扣费了,3,escalate,train
玉镯坏了,1,business,train
医美咨询说“无恢复期”，结果肿了一周，骗人！,3,escalate,train
说是“全新未拆”，结果书角有折痕，二手当新卖？,3,escalate,train
赠品说是“限量”，结果问谁都说有，限量个鬼啊,3,escalate,train
哈哈哈，你这机器人还挺懂数码,0,knowledge_qa,train
充值100送20，是送余额还是送积分？,0,knowledge_qa,train
行车记录仪晚上拍的车牌全是反光，根本看不清,1,business,train
帮我推荐一款千元手机,0,knowledge_qa,train
保养套餐现在买，双十一能用吗？,0,knowledge_qa,train
奶粉收到罐子瘪了，还能喝吗？能换吗,1,business,train
快递员不打电话直接放驿站，我腿脚不便咋拿？,1,business,train
机油是0W-20还是5W-30？我的车是2.0T,0,knowledge_qa,train
能不能让快递晚上8点后再送，白天家里没人,1,business,train
录入：签名确认即视为包裹完好,2,knowledge_mgmt,train
小说能不能备注“放门口”？别敲门,1,business,train
说是A类面料，有检测报告吗？给孩子穿不放心,0,knowledge_qa,train
车载香薰的夹子断了，夹不住出风口,1,business,train
帮我添加：新品上架需同步更新知识库,2,knowledge_mgmt,train
小说翻译机翻，语句不通，这是正版？,3,escalate,train
人工客服在吗？机器人听不懂家居需求,0,knowledge_qa,train
学生购买有优惠吗,0,knowledge_qa,train
行车记录仪不能循环录像了，提示内存满,1,business,train
混动车用什么机油？有推荐吗？,0,knowledge_qa,train
有没有那种洗了不褪色还不缩水的T恤，烦死了,0,knowledge_qa,train
记下来：防晒霜SPF50适合油性皮肤,2,knowledge_mgmt,train
宠物驱虫后拉稀，正常吗？,1,business,train
猫粮换粮后呕吐，客服说是正常适应期？,1,business,train
记一条：物流投诉处理时效为4小时,2,knowledge_mgmt,train
有什么好用的无线鼠标推荐,0,knowledge_qa,train
手机发货了吗？急用，明天要出差,1,business,train
配件到了吗？维修师傅说在等配件,1,business,train
车载香水漏液了，把中控台腐蚀了,3,escalate,train
宠物猫是英短，想买个猫抓板，不掉屑的,0,knowledge_qa,train
你们这系统是不是又崩了？API调不通,0,knowledge_qa,train
抗老精华，预算500，A醇还是胜肽？,0,knowledge_qa,train
盆栽坏了,1,business,train
车垫不好,1,business,train
多肉植物收到化水了，夏天发这种货不是害人吗,1,business,train
车载香薰不好,1,business,train
登山杖杖尖掉了，才用两次，怎么补,1,business,train
定制抱枕套尺寸做小了，塞不进芯,1,business,train
这台空调一级能效还是二级能效,0,knowledge_qa,train
体检报告什么时候出？急用入职,1,business,train
买10个授权，能不能送1个？,0,knowledge_qa,train
能不能备注“务必本人签收”，别又给我放门口,1,business,train
书物流显示“派送中”，但快递员不接电话,1,business,train
定制抱枕套图案印反了,3,escalate,train
洗碗机坏了,1,business,train
录入：满299减50，满599减120，可叠加店铺券,2,knowledge_mgmt,train
这都第5天了还在“运输中”，是去西天取经吗？,1,business,train
跑步用的，膝盖不好，缓震要好，别推那种薄底的,0,knowledge_qa,train
这款瑜伽垫会不会有异味,0,knowledge_qa,train
快递显示签收，我打电话给快递员，他说没送，互相踢皮球？,3,escalate,train
绿植收到有虫子，爬了一桌子,3,escalate,train
智能锁安装完，指纹识别不灵，是不是锁坏了？,1,business,train
这个锅是麦饭石色还是真麦饭石？涂层掉了有毒不？,0,knowledge_qa,train
设计稿源文件不给，说是要加钱,3,escalate,train
烤箱不好,1,business,train
床垫味道太大，晾了一周还有，甲醛超标？,3,escalate,train
能不能把收货时间改成周六，工作日家里没人,1,business,train
豆浆机预约功能没用，到点没启动,1,business,train
这个平板可以插SIM卡吗,0,knowledge_qa,train
漫展票能退吗？行程有变,1,business,train
充值的话费怎么退？充错了号码,1,business,train
满减券能和店铺券叠加吗？算下来到底多少钱？,0,knowledge_qa,train
衣服起球严重，才穿两次，质量太差了,3,escalate,train
翡翠手镯有裂纹，你们发货前不检查的吗？,1,business,train
这款电吹风有负离子功能吗,0,knowledge_qa,train
地址填错了，还没揽收，赶紧改！不然拒收！,1,business,train
花苗不好,1,business,train
今天价格比昨天便宜吗,0,knowledge_qa,train
精华液是滴管还是按压泵？卫生吗,0,knowledge_qa,train
定制衣柜安装完，抽屉轨道歪了，拉不动？,1,business,train
露营椅，轻便，承重好，有推荐吗,0,knowledge_qa,train
海鲜有没有直播间专属价？比店铺便宜吗,0,knowledge_qa,train
这本书是第几版？有没有最新勘误表,0,knowledge_qa,train
帮我添加：商户保证金在退店后30天退还,2,knowledge_mgmt,train
尺码不合适，换货运费谁出？有运费险吗？,0,knowledge_qa,train
录入知识：新商户需完成认证后才能上传知识,2,knowledge_mgmt,train
把这条加入知识库：客服满意度低于80%需培训,2,knowledge_mgmt,train
演唱会门票买错了日期，能改期吗？,1,business,train
二手手机保修期刚过就黑屏，真就这么寸？,1,business,train
帮我记录：退款时效1-3个工作日，原路返回,2,knowledge_mgmt,train
车座套褪色，把裤子染黑了,3,escalate,train
记录：赠品不参与售后，请知悉,2,knowledge_mgmt,train
全屋定制安装完，柜体不平，门对不齐，怎么调？,1,business,train
网课不好,1,business,train
猫绝育后伤口裂开，需要缝合吗？,1,business,train
定制T恤洗了一次就掉色，把白T恤染花了,3,escalate,train
说是7天无理由，结果说“影响二次销售”不给退？,1,business,train
租房党，想要个搬家能带走的小冰箱，别太吵,0,knowledge_qa,train
洗碗机不好,1,business,train
买的视频会员能共享吗？,0,knowledge_qa,train
汽车脚垫有异味，晾了一周还有,1,business,train
话剧票能转赠吗？实名制怎么弄？,0,knowledge_qa,train
人工！人工！企业采购急事！别发自动回复！,0,knowledge_qa,train
漫画印刷重影，看着头晕，怎么换,1,business,train
小说有没有直播间专属价？,0,knowledge_qa,train
物流什么时候更新啊,1,business,train
还能参加618活动吗,0,knowledge_qa,train
这个鼠标是静音按键吗,0,knowledge_qa,train
跑鞋是碳板还是尼龙板？适合慢跑吗,0,knowledge_qa,train
保存：订单金额超过5000需人工审核,2,knowledge_mgmt,train
有没有那种能进洗碗机的锅，手洗真的会谢,0,knowledge_qa,train
物流信息写“拒签”，但我没拒签啊，搞什么鬼,1,business,train
卸妆油发票还没开，抬头改成公司,1,business,train
新能源车用什么机油？还是不用机油？,0,knowledge_qa,train
退货退款选“不喜欢”，会不会影响我账号信誉,1,business,train
宠物驱虫后吐了，是不是药有问题？,3,escalate,train
奶粉推荐个适合乳糖不耐受的，别推错了,0,knowledge_qa,train
定制水杯的图案印歪了，歪得离谱,3,escalate,train
存一下：配送范围以快递公司覆盖区域为准,2,knowledge_mgmt,train
空调安装师傅把墙钻坏了，还弄脏了壁纸，谁赔？,3,escalate,train
买回来就是坏的太离谱了,3,escalate,train
空调安装完，不制冷，是不是缺氟？,1,business,train
近视手术术后视力回退，能再手术吗？,0,knowledge_qa,train
医美注射后结节，多久能消？,1,business,train
生鲜坏果包赔吗？怎么算坏果,1,business,train
睡袋尺码选错了，还没发货能改吗,1,business,train
这个摄像头支持夜视吗,0,knowledge_qa,train
商品坏了可以补发吗,1,business,train
跑鞋磨脚，才穿一次就起泡，设计缺陷！,3,escalate,train
方向盘套味道太大，熏得头晕,1,business,train
会员不能多设备登录，太不方便了,1,business,train
行车记录仪时间不准，总是慢几分钟,1,business,train
电风扇吹出来的风有股塑料味，是不是电机烧了？,1,business,train
水晶有冰裂，你们说是天然的,1,business,train
这价格比隔壁贵20，你们有啥优势啊,0,knowledge_qa,train
添加知识：本店电子产品质保一年，人为损坏不保修,2,knowledge_mgmt,train
现在买宠物主粮有满减活动吗？想囤点,0,knowledge_qa,train
记下来：电子发票和纸质发票具有同等效力,2,knowledge_mgmt,train
小说能不能备注“不要腰封”？送人,1,business,train
帮我存一条知识：商品参数以详情页为准,2,knowledge_mgmt,train
能不能改发顺丰，补差价我出，中通真的慢,1,business,train
定制家具板材有刺鼻味道，客服说“通风就好”，甲醛超标？,3,escalate,train
你们这系统是不是又崩了？半天不回话,0,knowledge_qa,train
卧室窗帘，全遮光，助眠，有推荐吗,0,knowledge_qa,train
空调安装师傅把墙钻坏了，谁赔？,3,escalate,train
演唱会门票买错日期了，能改签到下周吗？,1,business,train
帮我存一条知识：签名确认即视为包裹完好,2,knowledge_mgmt,train
窗帘保价多久？明天降价退差价吗,0,knowledge_qa,train
服务器扩容后，配置什么时候生效？,1,business,train
海鲜快递显示“已签收”，但我没收到啊,1,business,train
车垫有划痕,1,business,train
这个充电宝可以带上飞机吗,0,knowledge_qa,train
二手平台担保交易，卖家一直不发货，也不退款？,3,escalate,train
这质量也太差了吧,3,escalate,train
跑鞋开胶了，才跑50公里，质量不行啊,1,business,train
智能锁安装完，指纹识别一直不灵，是不是锁坏了？,1,business,train
盆栽收到花盆碎了，土撒了一车,1,business,train
游戏点卡兑换码刮不开，看不清数字,1,business,train
现在下单送那个洗脸巾吗？还是只有前100名送？,0,knowledge_qa,train
演唱会门票能改日期吗？临时有事,1,business,train
金链子断了,1,business,train
猫传腹打针位置有个硬包，摸着它还叫，正常吗？,1,business,train
夏天穿不闷的防晒衣，UPF50+的有吗？,0,knowledge_qa,train
定制钢笔墨水颜色不对，我要蓝黑，发成纯蓝了,1,business,train
帮我添加：赠品不参与售后，请知悉,2,knowledge_mgmt,train
这个锅可以用电磁炉吗,0,knowledge_qa,train
鲜花坏了,1,business,train
腮红飞粉严重，像在脸上撒面粉，怎么用！,3,escalate,train
平板主要给孩子上网课，护眼屏的推荐哪款？,0,knowledge_qa,train
在吗？问个宠物用品的事,0,knowledge_qa,train
汽车坐垫褪色了，把裤子染蓝了,3,escalate,train
体检预约满了，能不能加号？急！,1,business,train
宠物寄养期间走丢，你们赔多少？,3,escalate,train
客服回复也太慢了吧,3,escalate,train
推荐一款适合拍照的手机,0,knowledge_qa,train
体检报告出错了，名字都对不上，怎么改？,1,business,train
蓝宝石颜色跟图片差太多，这叫皇家蓝？,3,escalate,train
猫绝育后不吃不喝，急死了，怎么办？,1,business,train
维修点说没配件，让我等一个月，这什么效率？,3,escalate,train
存入知识库：海外购商品不支持7天无理由,2,knowledge_mgmt,train
维修费太贵了，能不能免个检测费？,0,knowledge_qa,train
琥珀里面有气泡，是不是假的,1,business,train
物流信息怎么一直不更新,1,business,train
花苗坏了,1,business,train
感谢你的耐心解答,0,knowledge_qa,train
虚拟商品说“永久有效”，结果3个月就失效，骗子？,3,escalate,train
钢琴运过来琴键卡住了，弹不出声，急死人了,1,business,train
上传规则：知识条目过期后自动下架,2,knowledge_mgmt,train
热水器安装费收了300块，明细发我看看,0,knowledge_qa,train
帮我记一下：所有护肤品标明生产日期和保质期,2,knowledge_mgmt,train
置物架螺丝少了，装不上，怎么补,1,business,train
猫罐头打开有股酸味，是不是变质了？,1,business,train
空调安装完，外机噪音大，邻居投诉了,3,escalate,train
把这条加入知识库：手机激活后不支持无理由退货,2,knowledge_mgmt,train
满多少可以减钱,0,knowledge_qa,train
帮忙录入：同一客户重复投诉需升级处理,2,knowledge_mgmt,train
游戏皮肤怎么领？兑换码在哪输入？,0,knowledge_qa,train
炉头漏气，差点着火，安全隐患！,3,escalate,train
猫粮换粮后软便，客服说是正常适应期？骗谁呢！,1,business,train
这个榨汁机清洗方便吗,0,knowledge_qa,train
行吧，那我再等等，别耽误我用手机啊,0,knowledge_qa,train
儿童安全座椅接口是ISOFIX的还是LATCH的？,0,knowledge_qa,train
粉底液买一送一，送的也是正装吗？,0,knowledge_qa,train
帮我记录一下：商户退出时知识库数据保留30天,2,knowledge_mgmt,train
二手退款怎么还没到账？都过48小时了,1,business,train
录入知识：商户上传文件最大支持50MB,2,knowledge_mgmt,train
帮我添加：店铺支持花呗分期和信用卡,2,knowledge_mgmt,train
想要个能跑Stable,Diffusion的显卡，显存12G以上,0,knowledge_qa,train
浴室置物架，免打孔，承重好，有推荐吗,0,knowledge_qa,train
车载充电器发热严重，烫手，不敢用了,1,business,train
冰箱不好,1,business,train
扫地机器人总是掉下台阶，建图不准,1,business,train
冰箱门关不严,1,business,train
这个帮我记住：快递默认中通，可备注顺丰到付,2,knowledge_mgmt,train
添加知识：物流异常需主动通知客户,2,knowledge_mgmt,train
演出取消，退票手续费30%，这不合理吧？,3,escalate,train
宠物疫苗本信息错了，能改吗？,1,business,train
客服一直没人回复,3,escalate,train
快递是不是丢件了,1,business,train
海鲜是活鲜发货还是冰鲜？到手还能活吗,0,knowledge_qa,train
记一条：客户投诉24小时内必须有回复,2,knowledge_mgmt,train
车载手机支架夹不紧，一过减速带就掉了,1,business,train
购物体验太差了,3,escalate,train
这批货能开13%增值税专用发票吗？,0,knowledge_qa,train
演唱会门票能退吗？生病去不了,1,business,train
记录：新疆西藏等偏远地区需补运费差价,2,knowledge_mgmt,train
书角磕碰了，送人的，能换吗,1,business,train
这款口红容易掉色吗,0,knowledge_qa,train
软件闪退，打不开，急用,1,business,train
支持PD快充吗，我那个65W头能不能用,0,knowledge_qa,train
洗衣机洗完衣服有黑渣，是不是内筒脏了,1,business,train
盆栽收到土里有虫卵，太恶心了,3,escalate,train
批量货能不能拆单，先发50件急用？,1,business,train
主板烧了，说是进水，但我没进过水！,3,escalate,train
窗帘色差太大，直播间是米白，收到是黄黄，坑！,3,escalate,train
宠物疫苗打错剂量了，有事吗？,3,escalate,train
狗绝育后伤口渗液，需要去医院吗？,1,business,train
你们发的什么破东西,3,escalate,train
车载吸尘器续航太短，吸一半没电了,1,business,train
定制家具的发票还没开，抬头改成公司名,1,business,train
手机内存256G够用吗？能存多少照片,0,knowledge_qa,train
猫绝育后尿闭，急死了，怎么办？,1,business,train
说是7天无理由，结果说“影响二次销售”不给退,1,business,train
美白精华，温和不刺激，有推荐吗,0,knowledge_qa,train
婴儿床有味道，晾了三天还有，能退吗,1,business,train
手机支持鸿蒙4.0吗？我旧手机是华为,0,knowledge_qa,train
推荐一个质量好的保温杯,0,knowledge_qa,train
蓝宝石不好,1,business,train
商品发错了怎么处理,1,business,train
猫鼻支治疗费太贵，能不能分期？,0,knowledge_qa,train
衣服色差太大，直播间看着是酒红，收到是猪肝色,3,escalate,train
两个订单能合并发吗？不想付两次运费,1,business,train
预算2000，要拍照好看，还要续航顶，别推那种电子垃圾,0,knowledge_qa,train
物流已经两天没更新了,1,business,train
定制家具延期10天了，还没动静，产线等着用啊,3,escalate,train
生鲜收到化冻了，还能吃吗？赔不赔,1,business,train
生鲜想要个当季水果，别推反季的，不好吃,0,knowledge_qa,train
充值的话费怎么分两次到账？,1,business,train
这件卫衣洗了会缩水吗,0,knowledge_qa,train
你们这系统是不是又崩了？物流查不到,0,knowledge_qa,train
这个书包防水效果怎么样,0,knowledge_qa,train
蓝宝石有划痕,1,business,train
车衣不好,1,business,train
跑步用的，膝盖不好，缓震要好，别推薄底的,0,knowledge_qa,train
绘本是铜版纸还是胶版纸？反光刺眼吗,0,knowledge_qa,train
儿童安全座椅能调节角度吗？,0,knowledge_qa,train
域名怎么续费？找不到入口,0,knowledge_qa,train
会员权益变更了,3,escalate,train
定制衣柜安装完，挂衣杆弯了，承重不行？,3,escalate,train
发票还没开，抬头改成公司名,1,business,train
会员积分能抵现吗？我有5000积分,0,knowledge_qa,train
账号被盗了，装备全没了,3,escalate,train
晚安，别再给我发工单提醒了,0,knowledge_qa,train
物流这么慢真无语,3,escalate,train
把这条加入知识库：活动解释权归店铺所有,2,knowledge_mgmt,train
漫画折角了，强迫症受不了，能换吗,1,business,train
记录：所有修改操作需记录操作日志,2,knowledge_mgmt,train
婴儿推车遮阳篷破了，才用了一个月,1,business,train
破壁机打豆浆全是渣，滤网都滤不干净，跟描述不符,1,business,train
音乐节票能改日期吗？天气不好,1,business,train
存入知识库：客户投诉24小时内必须有回复,2,knowledge_mgmt,train
存储规则：节假日发货延迟1-2天,2,knowledge_mgmt,train
卸妆油糊眼睛了，洗不掉，怎么赔,1,business,train
蝴蝶兰收到就掉苞，叶子也黄了，怎么赔,1,business,train
账号被封了，说是违规，我没违规啊,3,escalate,train
包裹派送失败是什么意思,1,business,train
虚拟商品下单2小时了还没收到卡密，是不是系统卡了？,1,business,train
耳机是主动降噪吗？地铁上用合适吗,0,knowledge_qa,train
定制相册封面颜色不对，和屏幕上差太多,3,escalate,train
这个手机有防水功能吗，我经常掉水里,0,knowledge_qa,train
防晒霜过敏了，起红疹，怎么赔,1,business,train
车载空气净化器滤芯怎么换？,0,knowledge_qa,train
帐篷防雨性能差，外面下大雨里面下小雨，坑人！,3,escalate,train
可以换一个新的给我吗,1,business,train
车载香水坏了,1,business,train
漫画能不能备注“放驿站”？别送上门,1,business,train
说是天然钻石，证书却是培育钻，欺诈！,3,escalate,train
买的会员怎么自动扣费了？我没同意啊,3,escalate,train
今天能送到吗,1,business,train
空调漏水了，墙都泡发霉了,3,escalate,train
冰箱不制冷了，里面东西全坏了,1,business,train
现在买宠物主粮有赠品吗？,0,knowledge_qa,train
车载冰箱坏了,1,business,train
儿童画板是液晶的还是磁性的？,0,knowledge_qa,train
奶粉显示“清关中”，卡了3天了，急用啊,1,business,train
帮我记录一下：审核不通过的知识7天内可修改重提,2,knowledge_mgmt,train
翡翠有黑点，你们说是天然特征,1,business,train
还没发货，能不能把“100件”改成“200件”？,1,business,train
账号登不上,1,business,train
什么洗衣液去污效果好,0,knowledge_qa,train
登山杖锁不紧，下山差点摔死，质量堪忧！,3,escalate,train
成分表里有没有苯氧乙醇啊，我脸容易刺痛,0,knowledge_qa,train
电子琴坏了,1,business,train
宠物寄养期间拉稀，你们喂药了吗？,1,business,train
体检预约能不能改医院？离家太远了,1,business,train
裤子色差太大，和直播间不一样，能退吗？,1,business,train
记一条：换货需在签收后15天内申请,2,knowledge_mgmt,train
书皮破了，不影响阅读，能便宜点吗,1,business,train
游戏皮肤买错了，能退吗？还没使用过,1,business,train
玉镯有裂,1,business,train
物流显示“已签收”，但我连短信都没收到，鬼签收的？,1,business,train
有什么适合送女生的礼物,0,knowledge_qa,train
地毯掉毛严重，吸尘器都吸不干净，能退吗,1,business,train
猫粮刚才那个59的券怎么没了？被抢光了？,0,knowledge_qa,train
这个颜色直播间看着粉，实物会不会偏橘？色差大不大,0,knowledge_qa,train
全屋定制安装完，柜体倾斜，门对不齐，怎么调？,1,business,train
粉底液过敏了，脸红肿，怎么赔？,1,business,train
这个帮我记住：电子类产品质保一年,2,knowledge_mgmt,train
定制橱柜安装完，柜门异响，铰链松了？,1,business,train
在吗在吗在吗？人呢？,0,knowledge_qa,train
热水器漏电,3,escalate,train
遮瑕膏干裂了，是不是过期了,1,business,train
车垫套上松松垮垮的，根本不服帖,1,business,train
谢谢你的帮助,0,knowledge_qa,train
手机碎屏险怎么买？现在买还来得及吗？,0,knowledge_qa,train
绿植坏了,1,business,train
帮我记一下：商户保证金在退店后30天退还,2,knowledge_mgmt,train
蓝宝石有裂，你们发货前不说,3,escalate,train
金链子不好,1,business,train
登山杖颜色选错了，还没发货能改吗,1,business,train
手机号填错了，快递联系不上我，改成138xxxx,1,business,train
现在买书有新人券吗？怎么领,0,knowledge_qa,train
代练太慢，超时了,1,business,train
儿童手表防水吗？能戴着游泳吗？,0,knowledge_qa,train
我想修改一下收件人电话,1,business,train
电水壶烧水声音太大了，像拖拉机一样,1,business,train
防晒霜搓泥，像在脸上和面，怎么用！,3,escalate,train
置物架承重差，放两本书就弯了，坑人！,3,escalate,train
车钥匙电池耗电太快,1,business,train
支持以旧换新吗？旧手机能抵多少钱？,0,knowledge_qa,train
现在购买最划算吗,0,knowledge_qa,train
奶粉付完定金，尾款能不能用红包,0,knowledge_qa,train
拼图少了一百多片，这怎么拼？,1,business,train
退货退款选“不喜欢”，会不会影响我账号信誉？,1,business,train
猫绝育后舔伤口，伊丽莎白圈太松，怎么办？,0,knowledge_qa,train
遮瑕膏物流三天没更新，是不是丢件了,1,business,train
这款羽绒服充绒量是多少,0,knowledge_qa,train
书有没有直播间专属价？比店铺便宜吗,0,knowledge_qa,train
发票还没开，抬头改成公司名，税号发你了,1,business,train
粉底液色号买深了，拆封了能退吗？,1,business,train
沙发坐感太硬，和直播间说的不一样，退货！,3,escalate,train
晚安，别再给我发维修提醒了,0,knowledge_qa,train
车载香水味道刺鼻,1,business,train
送妈妈，预算3000，金手镯还是金项链？,0,knowledge_qa,train
车膜颜色不对，太黑了,1,business,train
这款路由器支持WiFi6吗,0,knowledge_qa,train
猫粮包装破损，客服说“不影响食用”，你吃一个试试？,3,escalate,train
铂金戒指断了,1,business,train
人工客服在吗？机器人听不懂图书需求,0,knowledge_qa,train
今天买第二件打折吗,0,knowledge_qa,train
说是“7天无理由”，结果说“虚拟商品不支持”，早说啊,1,business,train
适合敏感肌的护肤品推荐一下,0,knowledge_qa,train
想要个适合出差用的行李箱，轻便耐摔的,0,knowledge_qa,train
刚才说保价30天，明天618降价了退差价吗？,0,knowledge_qa,train
现在下单有以旧换新补贴吗？旧机估价多少？,0,knowledge_qa,train
快递怎么还在原地不动？,1,business,train
现在下单有满减吗？凑单怎么弄？,0,knowledge_qa,train
买的网课视频加载不出来，一直转圈，怎么解决？,1,business,train
这衣服是均码吗？我165/120斤能穿不？别卡裆,0,knowledge_qa,train
定制橱柜安装完，柜门铰链松动，关不严？,1,business,train
维修费能不能用积分抵扣？,0,knowledge_qa,train
手机系统更新后卡顿，能降级吗？,1,business,train
电饭煲煮饭夹生，水米比例按说明书来的啊,1,business,train
录入知识：退货需保持吊牌完整，在订单页申请,2,knowledge_mgmt,train
保存：库存紧张时系统自动限购,2,knowledge_mgmt,train
冰箱坏了,1,business,train
帮我添加规则：定制商品不支持无理由退货,2,knowledge_mgmt,train
体检预约能不能改时间？临时加班,1,business,train
保养套餐现在买，半年后用可以吗？,0,knowledge_qa,train
这款洗发水适合油性头发吗,0,knowledge_qa,train
这个包自重多少克啊，背久了肩膀疼,0,knowledge_qa,train
有没有那种不显肚子的裙子？我梨形身材，胯宽,0,knowledge_qa,train
马桶安装完，底座漏水，师傅说打点胶就行？,3,escalate,train
电吉他旋钮失灵，拧了没反应,1,business,train
婴儿奶瓶奶嘴太硬了，宝宝根本吸不动,1,business,train
这个洗面奶是氨基酸的吗？,0,knowledge_qa,train
车载手机支架吸盘吸不住，老掉,1,business,train
戒指圈口大了，能改小吗？改完有痕迹吗？,1,business,train
宠物驱虫药喂吐了，能补发一支吗？,1,business,train
宠物寄养期间生病，你们及时通知了吗？,3,escalate,train
防晒霜会员积分能抵扣吗？,0,knowledge_qa,train
推荐一款静音机械键盘,0,knowledge_qa,train
在吗？问个户外装备的事,0,knowledge_qa,train
裤子显瘦吗？腿粗,0,knowledge_qa,train
演出临时取消，退票要扣30%手续费，这不合理吧？,3,escalate,train
记录：换货需在签收后15天内申请,2,knowledge_mgmt,train
宠物驱虫药没效果，还有虫子，怎么售后,1,business,train
定制窗帘保价多久？明天降价退差价吗,0,knowledge_qa,train
哈哈哈，你这机器人还挺懂育儿,0,knowledge_qa,train
上传规则：包裹破损请拒收并联系客服,2,knowledge_mgmt,train
家用SUV，一年跑2万公里，什么轮胎耐磨？,0,knowledge_qa,train
生鲜现在下单有满减吗？凑单怎么弄,0,knowledge_qa,train
定制项链刻字刻错了，把生日刻成了别的日期,3,escalate,train
帮忙录入：优惠券不可叠加使用,2,knowledge_mgmt,train
直播间说的买一送一，是送同款还是送小样啊,0,knowledge_qa,train
收到残次品可以退款吗,1,business,train
想要个适合办公用的鼠标，静音不吵的,0,knowledge_qa,train
鲜花收到有折痕，花瓣都黑了,1,business,train
记下来：售后满意度评价纳入商户考核,2,knowledge_mgmt,train
体检套餐能不能退？预约后没去,1,business,train
这个手机支持NFC吗？能刷门禁卡吗,0,knowledge_qa,train
我想修改订单数量,1,business,train
演唱会门票黄牛买的，能进吗？,0,knowledge_qa,train
腮红物流三天没更新，是不是丢件了,1,business,train
帮我把收货地址改一下,1,business,train
机油买一桶送机滤吗？,0,knowledge_qa,train
快递到本地了吗,1,business,train
体育赛事门票丢了，能补打吗？,1,business,train
漫画是台版还是日版？有翻译吗,0,knowledge_qa,train
软件打不开，提示错误代码,1,business,train
API密钥泄露了，能不能紧急重置？,1,business,train
海鲜收到臭了，客服说“坏果包赔”，但只赔5块？,3,escalate,train
洗牙后牙齿敏感，喝凉水都疼，正常吗？,1,business,train
牙齿矫正器戴不上，是不是模型错了？,1,business,train
学生认证通过了，但下单没优惠，咋回事,0,knowledge_qa,train
二手订单，能不能加个“验机服务”？,1,business,train
种植牙牙冠崩了一小块，还在保修期吗？,1,business,train
虚拟商品显示“已发放”，但我账号里没看到,1,business,train
现在买宠物零食有跨店满减吗？,0,knowledge_qa,train
会员买金饰有积分抵现吗？,0,knowledge_qa,train
扫地机器人总是原地打转,1,business,train
退款审核一直没通过,1,business,train
体育赛事退票，说“不支持退换”，霸王条款？,3,escalate,train
儿童画板笔丢了，能单买吗？,0,knowledge_qa,train
想要本适合睡前看的散文，别太烧脑,0,knowledge_qa,train
全屋定制安装完，尺寸错了，切了也不好看，怎么办？,3,escalate,train
项链戴了两天就掉色，把脖子都染绿了，过敏！,3,escalate,train
宠物驱虫药喂吐了，能补发吗？,1,business,train
手机物流显示“异常”，怎么回事,1,business,train
睡袋物流显示“异常”，怎么回事,1,business,train
算了，我自己去查工单吧，问你也说不清楚,0,knowledge_qa,train
主播说截屏抽奖，怎么参与？在哪截？,0,knowledge_qa,train
种植牙牙冠崩了，还在保修期吗？,1,business,train
宠物寄养期间抓伤别人，你们赔吗？,3,escalate,train
加湿器漏水了，流了一桌子,1,business,train
这衣服我165/100斤，穿M码紧，L码松，到底选哪个？,0,knowledge_qa,train
这个帮我记住：敏感问题需升级给主管处理,2,knowledge_mgmt,train
体检套餐加项，现场能加吗？还是得线上买？,1,business,train
想要个能自动回复的客服机器人，别太智障,0,knowledge_qa,train
二手Switch，要续航版，别买成旧版,0,knowledge_qa,train
行吧，那我再等等，别耽误我复习啊,0,knowledge_qa,train
在吗在吗？企业采购急事！,0,knowledge_qa,train
古筝琴弦断了，刚调音就断,1,business,train
这个域名备案了吗？能不能直接解析？,0,knowledge_qa,train
高个子女生，175以上，别买那种短款上衣,0,knowledge_qa,train
车充插口太紧，拔不出来,1,business,train
架子鼓踏板踩下去不回弹,1,business,train
游戏道具发货显示“处理中”，都半天了,1,business,train
车载充电器插上去没反应，点烟器口是不是坏了？,1,business,train
人工客服在吗？机器人听不懂人话,0,knowledge_qa,train
软件授权是永久买断还是按年订阅？,0,knowledge_qa,train
现在买猫粮有新人券吗？,0,knowledge_qa,train
收到货发现少个配件，补发还要等3天，急用啊,1,business,dev
定制衣柜安装完，柜门缝隙太大，能调吗？,1,business,dev
车载吸尘器坏了,1,business,dev
虚拟商品发货后，不支持退款对吧？,0,knowledge_qa,dev
炉头赠品不要了，能换个小样吗,1,business,dev
汽车贴膜起泡了，才贴了一个月，这手艺太差了,3,escalate,dev
遮瑕膏能遮住黑眼圈吗？泪沟那种,0,knowledge_qa,dev
笔记本主要写代码，键盘手感要好,0,knowledge_qa,dev
车载充电器插口松了，一碰就断电,1,business,dev
把这段话录入知识库：售后审核24小时内完成,2,knowledge_mgmt,dev
充值的油卡怎么还没到？快递都显示签收了,1,business,dev
生鲜是冷链发货吗？能保鲜几天,0,knowledge_qa,dev
车载充电器充不进电，手机没反应,1,business,dev
话剧票能改观演人吗？朋友去不了,1,business,dev
我想修改收货人姓名,1,business,dev
这鞋偏码吗，我脚背高还宽，平时穿42,0,knowledge_qa,dev
有没有隐藏优惠券,0,knowledge_qa,dev
粉底液色号2C0，黄二白能驾驭吗,0,knowledge_qa,dev
电子琴不好,1,business,dev
帮我记一下：知识库每月更新一次商户政策,2,knowledge_mgmt,dev
炉头是分体还是一体？防风吗,0,knowledge_qa,dev
生鲜物流显示“已签收”，但我没收到啊,1,business,dev
二胡琴皮塌了，没声音,1,business,dev
架子鼓镲片裂了,1,business,dev
冲锋衣防水指数多少？能扛暴雨吗,0,knowledge_qa,dev
宠物绝育后伊丽莎白圈戴不住，有别的办法吗？,0,knowledge_qa,dev
录入知识：审核不通过的知识7天内可修改重提,2,knowledge_mgmt,dev
想要个能装电脑还能装雨伞的包，别一淋就湿,0,knowledge_qa,dev
空调坏了,1,business,dev
能不能改个地址？刚搬完家,1,business,dev
生鲜说是“现摘现发”，结果收到是昨天的，虚假宣传？,3,escalate,dev
二胡坏了,1,business,dev
全屋定制安装完，柜门变形，受潮了？,1,business,dev
批量采购的合同条款，客服一直踢皮球，不处理？,3,escalate,dev
宠物寄养期间绝食，你们怎么处理的？,3,escalate,dev
帮我存一条知识：缓存数据TTL默认为1小时,2,knowledge_mgmt,dev
定制衣柜安装完，背板薄，晃悠，能加固吗？,1,business,dev
考研政治，哪个老师的书押题准？,0,knowledge_qa,dev
二手退货地址填错，快递退回来了，运费算谁的？,1,business,dev
金饰刻字内容填错了，还能改吗？,1,business,dev
帮我记录一下：材质标注必须与实际成分一致,2,knowledge_mgmt,dev
车钥匙壳裂了，才用了半年,1,business,dev
存入知识库：赠品不参与售后，请知悉,2,knowledge_mgmt,dev
防晒霜是物理还是化学？孕妇能用吗,0,knowledge_qa,dev
演唱会门票买错城市，能改吗？,1,business,dev
定制家具学生认证通过了，但下单没优惠，咋回事,0,knowledge_qa,dev
现在下单价格最低了吗,0,knowledge_qa,dev
衣服寄回去3天了，仓库还没签收，丢件了？,1,business,dev
二手议价，800包邮行不行？不行我看看别的,0,knowledge_qa,dev
奶粉罐子瘪了，客服说“不影响食用”，当我是傻子？,3,escalate,dev
起订量500件，能不能先拿10件样品看看质量？,0,knowledge_qa,dev
买的会员怎么不能投屏了？,1,business,dev
生鲜收到有坏果，怎么申请售后？,1,business,dev
抱枕有异味，洗了还有，能退吗,1,business,dev
这个行李箱是铝框的吗,0,knowledge_qa,dev
猫抓板掉渣严重，满屋子都是，能退吗,1,business,dev
定制家具能不能拆单发货？床先发，衣柜慢慢来,1,business,dev
婴儿推车还没付款，能不能改个优惠券,1,business,dev
地毯是短绒还是长绒？好打理吗,0,knowledge_qa,dev
快递被退回了吗,1,business,dev
帮我存一条知识：所有回复必须使用标准话术模板,2,knowledge_mgmt,dev
宠物洗护把毛剪坏了，怎么赔？,3,escalate,dev
添加知识：跨境商品税率以海关核定为准,2,knowledge_mgmt,dev
车充发热严重，烫手,1,business,dev
赠品漏发了，补发能不能和主商品一起寄？,1,business,dev
裤子买长了，改裤脚收费吗？,0,knowledge_qa,dev
会员坏了,1,business,dev
卸妆油是植物油还是矿物油？闷痘吗,0,knowledge_qa,dev
车膜起泡了，去店里说没法处理,1,business,dev
生鲜坏果怎么赔？按个赔还是按比例？,0,knowledge_qa,dev
马桶安装完，底座漏水，师傅说打胶就行？,3,escalate,dev
包装破损可以退吗,1,business,dev
保修期是多久,1,business,dev
云盘文件丢了，找不回来,3,escalate,dev
没事了，我自己解决了，拜拜,0,knowledge_qa,dev
有没有那种支持API调用的短信服务？,0,knowledge_qa,dev
考研英语，哪个老师讲阅读好？,0,knowledge_qa,dev
二手包有没有鉴定证书？支持专柜验货吗？,0,knowledge_qa,dev
退款显示“处理中”都3天了，是在人工审核还是在数钱？,1,business,dev
企业账户发票抬头填错了，还能改吗？,1,business,dev
那个满300减30的券怎么领不到，是不是被抢光了,0,knowledge_qa,dev
记一条：色差问题不属于质量问题,2,knowledge_mgmt,dev
近视眼镜度数配错了，戴着晕，能重配吗？,1,business,dev
厨房置物架，可伸缩，不占地方，有推荐吗,0,knowledge_qa,dev
能不能拆单发货？急用的先发，不急的慢慢来,1,business,dev
防潮垫发货了吗？明天要露营，急！,1,business,dev
退货退款还要我承担“折旧费”，凭什么？,3,escalate,dev
这个商品还能领优惠券吗,0,knowledge_qa,dev
企业账户余额抵扣，还能叠加优惠券吗？,0,knowledge_qa,dev
漫画有没有直播间专属价？,0,knowledge_qa,dev
音乐节票能改观演人吗？朋友去不了,1,business,dev
这包是专柜验货还是中检认证？有证书吗？,0,knowledge_qa,dev
代练不好,1,business,dev
银饰氧化发黑了，说好的防氧化处理呢,1,business,dev
退货地址填错了，快递退回来了，这运费算谁的,1,business,dev
这款羽毛球拍适合新手吗,0,knowledge_qa,dev
笛子膜贴不上，老是破,1,business,dev
想要个适合学生用的台灯，护眼不频闪的,0,knowledge_qa,dev
登山杖买两根有优惠吗？,0,knowledge_qa,dev
话剧票买重复了，能退一张吗？,1,business,dev
防潮垫是充气还是自充气？收纳多大,0,knowledge_qa,dev
古筝不好,1,business,dev
换货发回来的还是坏的，这次能不能找专人检查？,1,business,dev
定制家具的板材到哪了？说好的15天交付,1,business,dev
车载吸尘器吸力太小了，连瓜子壳都吸不起来,1,business,dev
这个台灯是国AA级照度吗？给孩子写作业用,0,knowledge_qa,dev
脱口秀门票没收到电子码，马上开场了！,1,business,dev
存一下：跨境商品税率以海关核定为准,2,knowledge_mgmt,dev
两件衣服凑单满减，退一件，另一件还享受优惠吗？,0,knowledge_qa,dev
手机修完又坏了，同一故障，这次必须给我换新,3,escalate,dev
近视眼镜镜架断了，还在保修期吗？,1,business,dev
有没有那种能开发票的虚拟主机？,0,knowledge_qa,dev
奶粉能不能改发顺丰？补差价我出，急用,1,business,dev
在吗？问个二手交易的事,0,knowledge_qa,dev
定制橱柜安装完，台面开裂，重做要多久？,1,business,dev
批量采购的运费险怎么理赔？在哪点？,1,business,dev
医美咨询说能祛斑，做完没变化，虚假宣传！,3,escalate,dev
这批面料的色牢度能达到4级吗？,0,knowledge_qa,dev
灯具安装完，开关控制错乱，线路接反了？,3,escalate,dev
乐高积木有毛刺，扎手，品控太差了,3,escalate,dev
有没有适合送父母的按摩仪,0,knowledge_qa,dev
宠物玩具推荐个耐咬的，我家狗是破坏王,0,knowledge_qa,dev
说是“纯棉”，水洗标写着“聚酯纤维”，这叫欺诈吧？,3,escalate,dev
存入知识库：维修服务需提供购买凭证,2,knowledge_mgmt,dev
吉他背带扣掉了，摔了一跤,3,escalate,dev
金戒指坏了,1,business,dev
这衣服说是纯棉的，怎么洗了一次领口就松了，是不是偷工减料啊,0,knowledge_qa,dev
退款显示“处理中”都3天了，是在人工审核还是在数钱,1,business,dev
加湿器不出雾了，风扇还在转，是不是雾化片坏了？,1,business,dev
你们这系统是不是又崩了？维修进度查不到,0,knowledge_qa,dev
这个电热水壶烧开水要多久,0,knowledge_qa,dev
游戏手柄按键失灵了，按A没反应,1,business,dev
添加知识：限量款商品不支持退换,2,knowledge_mgmt,dev
行车记录仪死机了，按重启也没用,1,business,dev
保存：店铺支持花呗分期和信用卡,2,knowledge_mgmt,dev
帮我添加：电子类产品质保一年,2,knowledge_mgmt,dev
想要个适合老人用的手机，字大声音大的,0,knowledge_qa,dev
添加知识：组合套装不支持部分退货,2,knowledge_mgmt,dev
婴儿推车凑单满减，那个链接失效了,0,knowledge_qa,dev
快递现在到哪里了,1,business,dev
粉底液老客回购有券吗？上次买的快空瓶了,0,knowledge_qa,dev
把这条加入知识库：自动回复模板每月更新一次,2,knowledge_mgmt,dev
医美项目做完，效果不明显，退款！,3,escalate,dev
保质期还有多久啊，别给我发临期品,0,knowledge_qa,dev
换货发回来的还是坏的，这次能不能检查好再发？,1,business,dev
在吗在吗？维修急事！,0,knowledge_qa,dev
批量采购的货，物流显示“分批出库”，什么时候能齐？,1,business,dev
猫抓板买回来猫根本不抓，是不是猫薄荷放少了？,0,knowledge_qa,dev
定制衣柜安装完，少发了一个抽屉，补发要多久？,1,business,dev
保养预约的门店地址发我，导航导错了,1,business,dev
这个帮我记住：退货地址以短信通知为准,2,knowledge_mgmt,dev
帮忙录入：配送范围以快递公司覆盖区域为准,2,knowledge_mgmt,dev
汽车贴膜贴完有气泡，店里说正常，这正常吗？,1,business,test
在吗在吗？生鲜急事！,0,knowledge_qa,test
付完定金了，尾款能不能用红包,0,knowledge_qa,test
吉他弦距太高按着手疼，是不是没调好？能退吗,1,business,test
体检套餐能不能升级？现场补差价,0,knowledge_qa,test
种子坏了,1,business,test
烤箱坏了,1,business,test
定制衣柜安装完，少个抽屉，补发要多久？,1,business,test
有没有满赠活动,0,knowledge_qa,test
预算两百买什么蓝牙音箱,0,knowledge_qa,test
二手砍价太狠了，最低多少能出？,0,knowledge_qa,test
萨克斯坏了,1,business,test
帮我添加：向量索引每周重建一次,2,knowledge_mgmt,test
辛苦了，大晚上的还在处理汽车工单,0,knowledge_qa,test
宠物疫苗后发烧，正常吗？,1,business,test
想要个续航长的手机，别推那种一天一充的,0,knowledge_qa,test
海鲜有没有那种不腥的？孩子不爱吃腥的,0,knowledge_qa,test
有没有不粘指纹的手机壳？强迫症受不了,0,knowledge_qa,test
猫砂是豆腐砂还是矿砂？粉尘大不大,0,knowledge_qa,test
银手镯开口太大，戴着老掉,1,business,test
琥珀有杂质，不通透,1,business,test
还没发货，能不能把“黑色”改成“白色”？,1,business,test
定制项链链子断了，戴了一次就断了,1,business,test
这款商品最近有折扣吗,0,knowledge_qa,test
多肉黑腐了，从根烂到顶,1,business,test
翡翠坏了,1,business,test
手机发热严重，玩游戏烫手，能退吗？,1,business,test
添加知识：新品上架需同步更新知识库,2,knowledge_mgmt,test
体育赛事门票能改日期吗？天气不好,1,business,test
银手镯坏了,1,business,test
扫地机器人总是撞墙，建图根本不准，是不是雷达坏了？,1,business,test
脱口秀演员临时换人，能退票吗？,3,escalate,test
批量采购少发配件，补发还要等7天，产线等着用啊,1,business,test
体检报告能电子版吗？纸质版丢了,0,knowledge_qa,test
手机号填错了，快递联系不上我,1,business,test
充值的话费怎么还没到账？都过去24小时了,1,business,test
炉头物流显示“异常”，怎么回事,1,business,test
帮我添加：退款金额不含优惠券部分,2,knowledge_mgmt,test
保存：优惠券不可叠加使用,2,knowledge_mgmt,test
帮忙录入：活动解释权归店铺所有,2,knowledge_mgmt,test
抱枕是羽绒还是棉花？回弹好吗,0,knowledge_qa,test
去专柜验过了，你们这包五金刻字都不对，售假还死不承认！,3,escalate,test
净水器不好,1,business,test
这本教材有电子版吗？买纸质送电子吗,0,knowledge_qa,test
有没有那种不用实名就能用的邮箱服务？,0,knowledge_qa,test
脱口秀票能改时间吗？临时有事,1,business,test
把这条加入知识库：退款纠纷需在48小时内给出方案,2,knowledge_mgmt,test
钻戒证书和实物重量对不上，差0.01克拉，怎么回事,3,escalate,test
上传规则：政策变更需经过商户确认后生效,2,knowledge_mgmt,test
头灯，感应开关，续航长，有推荐吗,0,knowledge_qa,test
充值卡是实体卡还是卡密？,0,knowledge_qa,test
玫瑰收到有灰霉病，传染给其他花了,3,escalate,test
烘干机不好,1,business,test
防潮垫不隔凉，睡一晚冻感冒，虚假宣传！,3,escalate,test
电池健康度掉到85%了，还在保修期，给换吗？,1,business,test
申请退款后多久退回,1,business,test
扫地机器人噪音大,1,business,test
宠物寄养期间咬人，你们负责吗？,3,escalate,test
首单有没有优惠,0,knowledge_qa,test
车载香水味道太冲了，闻着头晕，怎么退货？,1,business,test
在吗？问个服饰尺码的事,0,knowledge_qa,test
净水器滤芯寿命显示不对,1,business,test
兰花收到根全烂了，怎么救,1,business,test
床垫能不能改送货时间？周末家里没人,1,business,test
空气炸锅烤出来的红薯是生的，温度根本达不到200度！,1,business,test
定制橱柜的台面物流显示“退回”，怎么回事,1,business,test
虚拟商品买错了账号，能换绑吗？,1,business,test
电吉他不好,1,business,test
猫粮吃了呕吐，是不是变质了？怎么退,1,business,test
宠物寄养期间应激，你们怎么处理的？,3,escalate,test
把这条加入知识库：尺码表仅供参考存在1-2cm误差,2,knowledge_mgmt,test
好的，收到了，谢啦，记得轻拿轻放,0,knowledge_qa,test
这款咖啡机可以打奶泡吗,0,knowledge_qa,test
帮我换一个收货地址,1,business,test
人工客服在吗？机器人听不懂奢品需求,0,knowledge_qa,test
有没有适合宿舍用的小风扇,0,knowledge_qa,test
定制窗帘轨道装歪了，师傅什么时候来修,1,business,test
云服务器怎么退款？买错了配置,1,business,test
微波炉不加热了，灯还亮,1,business,test
账号坏了,1,business,test
宠物驱虫药没效果，客服说“用法不对”，说明书呢？,3,escalate,test
积木说明书印反了，按着拼根本拼不上,1,business,test
批量采购的货，物流显示“拒签”，但我没拒签啊？,3,escalate,test
宠物狗吃了你们的冻干一直吐，是不是过期了？,3,escalate,test
口红，滋润不拔干，有推荐吗,0,knowledge_qa,test
发财树刚种下就烂根了，说是土有问题,1,business,test
有没有那种洗了不褪色还不缩水的T恤？烦死了,0,knowledge_qa,test
批量订单，能不能改个收货仓库地址？,1,business,test
钻戒钻石松了，差点掉了,1,business,test
窗帘是打孔还是挂钩？安装麻烦吗,0,knowledge_qa,test
物流显示“已揽收”但24小时没动静，是不是丢件了,1,business,test
价格还能再便宜一点吗,0,knowledge_qa,test
退货邮费谁承担,1,business,test
退款显示“处理中”都5天了，是在走审批流程还是在数钱？,1,business,test
定制相册排版太丑了，能不能重新设计？,1,business,test
软件有bug,1,business,test
企业采购发票开错，重开要等15天，财务要疯了,3,escalate,test
买三件能打几折,0,knowledge_qa,test
安装师傅把车漆刮了，你们赔不赔？,3,escalate,test
车载吸尘器噪音太大了，吵得头疼,1,business,test
床垫塌陷了，才睡了半年，保修吗,1,business,test
付定金锁库存吗？尾款付不上怎么办？,0,knowledge_qa,test
音乐节票能退吗？阵容换人,3,escalate,test
手机充电慢，是不是电池有问题？,1,business,test
夏天穿什么短袖比较凉快,0,knowledge_qa,test
现在购买包邮吗,0,knowledge_qa,test
猫粮能不能备注“务必本人签收”,1,business,test
现在买赠品还有吗,0,knowledge_qa,test
奶粉地址填成旧的了，还没揽收，赶紧改,1,business,test
存储：节假日发货延迟1-2天，请提前告知客户,2,knowledge_mgmt,test
这款平板支持手写笔吗,0,knowledge_qa,test
书还没发货，能不能把“台版”改成“日版”,1,business,test
冬天穿不钻绒的羽绒服，90绒的有吗？,0,knowledge_qa,test
帮我记录一下：所有护肤品建议先做过敏测试,2,knowledge_mgmt,test
有没有新人专享优惠,0,knowledge_qa,test
粉底液上脸搓泥，是不是和防晒打架,1,business,test
烘干机坏了,1,business,test
算了，我自己去查维修进度吧，问你也说不清楚,0,knowledge_qa,test
现在下单是按活动价算吗，别到时候不补差价,0,knowledge_qa,test
生鲜收到发臭了，快递放驿站两天了，谁的责任？,3,escalate,test
猫罐头拉环断了，打不开,1,business,test
裙子拉链坏了，能不能补发拉链头？,1,business,test
抱枕塌陷，睡两天就扁了，质量太差！,3,escalate,test
存一下：店铺客服电话400-618-8888,2,knowledge_mgmt,test
定制衣柜安装完，抽屉拉不出来，轨道坏了？,1,business,test
全屋定制安装完，板材有划痕，换还是赔钱？,1,business,test
绿萝叶子发黄，是不是缺水,1,business,test
软件坏了,1,business,test
睡袋不保暖，零下5度冻醒，虚标温标！,3,escalate,test
珍珠项链扣子断了，戴一次就断，质量太差,1,business,test
订单备注“轻拿轻放”，别又像上次一样摔坏,1,business,test
榨汁机用了一次就漏水，底座接缝处全是水,1,business,test
车衣破了,1,business,test
宠物疫苗打完后嗜睡，是不是疫苗有问题？,3,escalate,test
置物架能不能改个颜色？还没下单,1,business,test
定制衣柜的设计图确认了，但尺寸还能微调吗,1,business,test
人工！人工！人工！别给我发自动回复！,0,knowledge_qa,test
能不能说人话？听不懂你的意思,0,knowledge_qa,test
洗衣机脱水声音像拖拉机，邻居都来投诉了,1,business,test
记一条：限量款商品不支持退换,2,knowledge_mgmt,test
猫粮是膨化粮还是烘焙粮？含肉量多少,0,knowledge_qa,test
帮我添加：T恤建议冷水洗涤，避免暴晒,2,knowledge_mgmt,test
卸妆油糊眼睛，洗不掉，怎么赔,1,business,test
奶粉保质期只剩3个月，客服说“正常售卖期”，坑人？,3,escalate,test
体检报告能邮寄吗？不想跑一趟,1,business,test
尺码选错了，还没发货能改吗？,1,business,test
防潮垫买一送收纳袋吗？,0,knowledge_qa,test
体检套餐能不能换？选错了项目,1,business,test
体检套餐想加个幽门螺旋杆菌，现场能加吗？,1,business,test
赠品能不能换成别的？那个我不想要,1,business,test
婴儿推车想要个轻便的，一个人能抱上公交,0,knowledge_qa,test
帮我存一条知识：配送范围以快递公司覆盖区域为准,2,knowledge_mgmt,test
